{"current_program_scene":"22-Meet Like A Boss","current_scene":"22-Meet Like A Boss","current_transition":"Fade","groups":[{"balance":0.5,"deinterlace_field_order":0,"deinterlace_mode":0,"enabled":true,"flags":0,"hotkeys":{"libobs.hide_scene_item.Date 2":[],"libobs.hide_scene_item.Teams App Gray - Dark Mode":[],"libobs.show_scene_item.Date 2":[],"libobs.show_scene_item.Teams App Gray - Dark Mode":[]},"id":"group","mixers":0,"monitoring_type":0,"muted":false,"name":"Group-Date","prev_ver":453050371,"private_settings":{},"push-to-mute":false,"push-to-mute-delay":0,"push-to-talk":false,"push-to-talk-delay":0,"settings":{"custom_size":true,"cx":679,"cy":120,"id_counter":0,"items":[{"align":5,"bounds":{"x":0.0,"y":0.0},"bounds_align":0,"bounds_type":0,"crop_bottom":15,"crop_left":0,"crop_right":0,"crop_top":0,"group_item_backup":false,"hide_transition":{"duration":0},"id":8,"locked":false,"name":"Teams App Gray - Dark Mode","pos":{"x":13.999755859375,"y":0.0},"private_settings":{},"rot":0.0,"scale":{"x":0.88666665554046631,"y":0.88372087478637695},"scale_filter":"disable","show_transition":{"duration":0},"visible":true},{"align":5,"bounds":{"x":0.0,"y":0.0},"bounds_align":0,"bounds_type":0,"crop_bottom":0,"crop_left":0,"crop_right":0,"crop_top":0,"group_item_backup":false,"hide_transition":{"duration":0},"id":4,"locked":false,"name":"Date 2","pos":{"x":0.0,"y":3.0517578125e-5},"private_settings":{},"rot":0.0,"scale":{"x":1.6500000953674316,"y":1.6499999761581421},"scale_filter":"disable","show_transition":{"duration":0},"visible":true}]},"sync":0,"versioned_id":"group","volume":1.0},{"balance":0.5,"deinterlace_field_order":0,"deinterlace_mode":0,"enabled":true,"flags":0,"hotkeys":{"libobs.hide_scene_item.Location":[],"libobs.hide_scene_item.Teams App Brand Background":[],"libobs.hide_scene_item.Time 2":[],"libobs.show_scene_item.Location":[],"libobs.show_scene_item.Teams App Brand Background":[],"libobs.show_scene_item.Time 2":[]},"id":"group","mixers":0,"monitoring_type":0,"muted":false,"name":"Group-CityTime","prev_ver":453050371,"private_settings":{},"push-to-mute":false,"push-to-mute-delay":0,"push-to-talk":false,"push-to-talk-delay":0,"settings":{"custom_size":true,"cx":428,"cy":153,"id_counter":0,"items":[{"align":5,"bounds":{"x":0.0,"y":0.0},"bounds_align":0,"bounds_type":0,"crop_bottom":0,"crop_left":0,"crop_right":1563,"crop_top":0,"group_item_backup":false,"hide_transition":{"duration":0},"id":3,"locked":false,"name":"Teams App Brand Background","pos":{"x":0.0,"y":0.0},"private_settings":{},"rot":0.0,"scale":{"x":1.0151057243347168,"y":1.0133333206176758},"scale_filter":"disable","show_transition":{"duration":0},"visible":true},{"align":5,"bounds":{"x":0.0,"y":0.0},"bounds_align":0,"bounds_type":0,"crop_bottom":0,"crop_left":0,"crop_right":0,"crop_top":0,"group_item_backup":false,"hide_transition":{"duration":0},"id":2,"locked":false,"name":"Time 2","pos":{"x":15.999996185302734,"y":93.0},"private_settings":{},"rot":0.0,"scale":{"x":1.0,"y":1.0},"scale_filter":"disable","show_transition":{"duration":0},"visible":true},{"align":5,"bounds":{"x":0.0,"y":0.0},"bounds_align":0,"bounds_type":0,"crop_bottom":0,"crop_left":0,"crop_right":0,"crop_top":0,"group_item_backup":false,"hide_transition":{"duration":0},"id":5,"locked":false,"name":"Location","pos":{"x":14.999992370605469,"y":0.0},"private_settings":{},"rot":0.0,"scale":{"x":0.17661942541599274,"y":0.17680609226226807},"scale_filter":"disable","show_transition":{"duration":0},"visible":true}]},"sync":0,"versioned_id":"group","volume":1.0},{"balance":0.5,"deinterlace_field_order":0,"deinterlace_mode":0,"enabled":true,"flags":0,"hotkeys":{"libobs.hide_scene_item.Microsoft.png":[],"libobs.hide_scene_item.Name":[],"libobs.hide_scene_item.Teams App Gray - Dark Mode":[],"libobs.hide_scene_item.Title":[],"libobs.show_scene_item.Microsoft.png":[],"libobs.show_scene_item.Name":[],"libobs.show_scene_item.Teams App Gray - Dark Mode":[],"libobs.show_scene_item.Title":[]},"id":"group","mixers":0,"monitoring_type":0,"muted":false,"name":"Group-NameTitle","prev_ver":453050371,"private_settings":{},"push-to-mute":false,"push-to-mute-delay":0,"push-to-talk":false,"push-to-talk-delay":0,"settings":{"custom_size":true,"cx":596,"cy":151,"id_counter":0,"items":[{"align":5,"bounds":{"x":0.0,"y":0.0},"bounds_align":0,"bounds_type":0,"crop_bottom":21,"crop_left":0,"crop_right":240,"crop_top":0,"group_item_backup":false,"hide_transition":{"duration":0},"id":3,"locked":true,"name":"Teams App Gray - Dark Mode","pos":{"x":0.0,"y":0.0},"private_settings":{},"rot":0.0,"scale":{"x":1.1686275005340576,"y":1.1666666269302368},"scale_filter":"disable","show_transition":{"duration":0},"visible":true},{"align":5,"bounds":{"x":0.0,"y":0.0},"bounds_align":0,"bounds_type":0,"crop_bottom":181,"crop_left":290,"crop_right":287,"crop_top":173,"group_item_backup":false,"hide_transition":{"duration":0},"id":4,"locked":true,"name":"Microsoft.png","pos":{"x":26.0,"y":32.0},"private_settings":{},"rot":0.0,"scale":{"x":0.3590908944606781,"y":0.3590908944606781},"scale_filter":"disable","show_transition":{"duration":0},"visible":true},{"align":5,"bounds":{"x":0.0,"y":0.0},"bounds_align":0,"bounds_type":0,"crop_bottom":0,"crop_left":0,"crop_right":0,"crop_top":0,"group_item_backup":false,"hide_transition":{"duration":0},"id":5,"locked":true,"name":"Title","pos":{"x":156.0,"y":93.0},"private_settings":{},"rot":0.0,"scale":{"x":0.14466291666030884,"y":0.14453125},"scale_filter":"disable","show_transition":{"duration":0},"visible":true},{"align":5,"bounds":{"x":0.0,"y":0.0},"bounds_align":0,"bounds_type":0,"crop_bottom":0,"crop_left":0,"crop_right":0,"crop_top":0,"group_item_backup":false,"hide_transition":{"duration":0},"id":6,"locked":true,"name":"Name","pos":{"x":150.0,"y":33.0},"private_settings":{},"rot":0.0,"scale":{"x":0.25377833843231201,"y":0.25390625},"scale_filter":"disable","show_transition":{"duration":0},"visible":true}]},"sync":0,"versioned_id":"group","volume":1.0}],"modules":{"advanced-scene-switcher":{"active":false,"audioFallbackDuration":0.0,"audioFallbackEnable":false,"audioFallbackScene":"","audioFallbackTargetType":0,"audioFallbackTransition":"","audioSwitches":[],"audioTabPos":12,"autoStartEvent":0,"cooldown":0.0,"defaultTransitions":[],"disableHints":false,"exeTabPos":4,"executableSwitches":[],"fileSwitches":[],"fileTabPos":7,"generalTabPos":0,"idleEnable":false,"idleSceneName":"","idleTabPos":10,"idleTargetType":0,"idleTime":60,"idleTransitionName":"","ignoreIdleWindows":[],"ignoreWindows":[],"interval":300,"mediaSwitches":[],"mediaTabPos":6,"noMatchDelay":0.0,"non_matching_scene":"","oldPauseValuesImported":1,"pauseEntries":[],"pauseTabPos":2,"priority0":0,"priority1":1,"priority2":2,"priority3":3,"priority4":4,"priority5":5,"priority6":6,"priority7":7,"priority8":8,"priority9":9,"randomSwitches":[],"randomTabPos":8,"readEnabled":false,"readPath":"","regionTabPos":5,"sceneGroupTabPos":14,"sceneGroups":[],"sceneRoundTrip":[],"sceneTransitions":[],"screenRegion":[],"sequenceTabPos":11,"startHotkey":[],"startup_behavior":0,"stopHotkey":[],"switch_if_not_matching":0,"switches":[],"tansitionOverrideOverride":false,"threadPriority":3,"timeSwitches":[],"timeTabPos":9,"titleTabPos":3,"toggleHotkey":[],"transitionTabPos":1,"triggerTabPos":15,"triggers":[],"verbose":false,"version":"e4bb034303bdf5385f27ecb380890a1bebc08eb8","videoSwitches":[],"videoTabPos":13,"writeEnabled":false,"writePath":""},"auto-scene-switcher":{"active":false,"interval":300,"non_matching_scene":"","switch_if_not_matching":false,"switches":[]},"captions":{"enabled":false,"lang_id":1033,"provider":"mssapi","source":"Mic - Maono"},"cloud_closed_caption_rat":{"caption_capitalization":0,"caption_insert_newlines":false,"caption_line_count":3,"caption_timeout_enabled":true,"caption_timeout_secs":15.0,"enabled":false,"mute_source_name":"","plugin_version":"0.19b","profanity_filter":0,"recording_output_enabled":false,"source_caption_when":"own_source","source_language":"en-US","source_name":"","streaming_output_enabled":true,"text_output_capitalization":0,"text_output_enabled":false,"text_output_line_count":4,"text_output_line_length":60,"text_output_source_name":"","transcript_enabled":false,"transcript_folder_path":"","transcript_for_recording_enabled":true,"transcript_for_stream_enabled":true,"transcript_for_virtualcam_enabled":true,"transcript_format":"srt","transcript_recording_name_custom":"","transcript_recording_name_exists":"append","transcript_recording_name_type":"recording","transcript_srt_target_duration_secs":8,"transcript_srt_target_line_length":44,"transcript_streaming_name_custom":"","transcript_streaming_name_exists":"append","transcript_streaming_name_type":"datetime","transcript_virtualcam_name_custom":"","transcript_virtualcam_name_exists":"append","transcript_virtualcam_name_type":"datetime","word_replacements":[]},"copyTransformHotkey":[],"decklink_captions":{"source":""},"downstream_keyers":[{"name":"DSK 1","scene":"","scenes":[],"transition":"","transition_duration":300}],"downstream_keyers_channel":7,"output-timer":{"autoStartRecordTimer":false,"autoStartStreamTimer":false,"pauseRecordTimer":true,"recordTimerHours":0,"recordTimerMinutes":0,"recordTimerSeconds":30,"streamTimerHours":0,"streamTimerMinutes":0,"streamTimerSeconds":30},"pasteTransformHotkey":[],"scripts-tool":[],"source-dock":{"docks":[]}},"name":"Teams Like A Boss","preview_locked":false,"quick_transitions":[{"duration":300,"fade_to_black":false,"hotkeys":[],"id":1,"name":"Cut"},{"duration":300,"fade_to_black":false,"hotkeys":[],"id":2,"name":"Fade"},{"duration":300,"fade_to_black":true,"hotkeys":[],"id":3,"name":"Fade"}],"saved_projectors":[{"alwaysOnTopOverridden":false,"geometry":"AdnQywADAAD///sGAAABvv////8AAASJ///7BwAAAd3////+AAAEiAAAAAIAAAAADXD///sHAAAB3f////4AAASI","monitor":-1,"type":2}],"scaling_enabled":false,"scaling_level":0,"scaling_off_x":0.0,"scaling_off_y":0.0,"scene_order":[{"name":"------------CAMERAS-----------"},{"name":"00-CAMERA1"},{"name":"----------DISPLAY----------"},{"name":"00-LEFT-MONITOR"},{"name":"------------OVERLAYS-----------"},{"name":"11-Overlay-CityDateTime"},{"name":"11-Overlay-NameTitle"},{"name":"11-Backgrounds-Viva"},{"name":"------------MEETING-----------"},{"name":"22-Meet Like A Boss"},{"name":"22-Meet Like A Boss - Show Title"},{"name":"----------SCREENSHARE----------"},{"name":"33-Screenshare-Left"},{"name":"33-Screenshare-Left-Full"},{"name":"----------GREENSCREEN----------"},{"name":"44-Meeting-Box"},{"name":"44-Meeting-BoxOut"},{"name":"44-Meeting-BoxOut 2"}],"sources":[{"balance":0.5,"deinterlace_field_order":0,"deinterlace_mode":0,"enabled":true,"flags":0,"hotkeys":{"OBSBasic.SelectScene":[],"libobs.hide_scene_item.VIVA-background-office-06.jpg":[],"libobs.show_scene_item.VIVA-background-office-06.jpg":[]},"id":"scene","mixers":0,"monitoring_type":0,"muted":false,"name":"11-Backgrounds-Viva","prev_ver":453050371,"private_settings":{},"push-to-mute":false,"push-to-mute-delay":0,"push-to-talk":false,"push-to-talk-delay":0,"settings":{"custom_size":false,"id_counter":1,"items":[{"align":5,"bounds":{"x":0.0,"y":0.0},"bounds_align":0,"bounds_type":0,"crop_bottom":0,"crop_left":0,"crop_right":0,"crop_top":0,"group_item_backup":false,"hide_transition":{"duration":0},"id":1,"locked":true,"name":"VIVA-background-office-06.jpg","pos":{"x":0.0,"y":0.0},"private_settings":{},"rot":0.0,"scale":{"x":1.0,"y":1.0},"scale_filter":"disable","show_transition":{"duration":0},"visible":true}]},"sync":0,"versioned_id":"scene","volume":1.0},{"balance":0.5,"deinterlace_field_order":0,"deinterlace_mode":0,"enabled":true,"flags":0,"hotkeys":{"OBSBasic.SelectScene":[],"libobs.hide_scene_item.00-LEFT-MONITOR":[],"libobs.hide_scene_item.11-Backgrounds-Viva":[],"libobs.show_scene_item.00-LEFT-MONITOR":[],"libobs.show_scene_item.11-Backgrounds-Viva":[]},"id":"scene","mixers":0,"monitoring_type":0,"muted":false,"name":"33-Screenshare-Left-Full","prev_ver":453050371,"private_settings":{},"push-to-mute":false,"push-to-mute-delay":0,"push-to-talk":false,"push-to-talk-delay":0,"settings":{"custom_size":false,"id_counter":3,"items":[{"align":5,"bounds":{"x":0.0,"y":0.0},"bounds_align":0,"bounds_type":0,"crop_bottom":0,"crop_left":0,"crop_right":0,"crop_top":0,"group_item_backup":false,"hide_transition":{"duration":0},"id":3,"locked":true,"name":"11-Backgrounds-Viva","pos":{"x":0.0,"y":0.0},"private_settings":{},"rot":0.0,"scale":{"x":1.0,"y":1.0},"scale_filter":"disable","show_transition":{"duration":0},"visible":true},{"align":5,"bounds":{"x":0.0,"y":0.0},"bounds_align":0,"bounds_type":0,"crop_bottom":0,"crop_left":0,"crop_right":0,"crop_top":0,"group_item_backup":false,"hide_transition":{"duration":0},"id":2,"locked":true,"name":"00-LEFT-MONITOR","pos":{"x":35.5,"y":20.0},"private_settings":{},"rot":0.0,"scale":{"x":0.96302086114883423,"y":0.96296298503875732},"scale_filter":"disable","show_transition":{"duration":0},"visible":true}]},"sync":0,"versioned_id":"scene","volume":1.0},{"balance":0.5,"deinterlace_field_order":0,"deinterlace_mode":0,"enabled":true,"flags":0,"hotkeys":{"OBSBasic.SelectScene":[],"libobs.hide_scene_item.00-CAMERA1":[],"libobs.hide_scene_item.00-LEFT-MONITOR":[],"libobs.hide_scene_item.11-Backgrounds-Viva":[],"libobs.hide_scene_item.11-Overlay-CityDateTime":[],"libobs.show_scene_item.00-CAMERA1":[],"libobs.show_scene_item.00-LEFT-MONITOR":[],"libobs.show_scene_item.11-Backgrounds-Viva":[],"libobs.show_scene_item.11-Overlay-CityDateTime":[]},"id":"scene","mixers":0,"monitoring_type":0,"muted":false,"name":"33-Screenshare-Left","prev_ver":453050371,"private_settings":{},"push-to-mute":false,"push-to-mute-delay":0,"push-to-talk":false,"push-to-talk-delay":0,"settings":{"custom_size":false,"id_counter":5,"items":[{"align":5,"bounds":{"x":0.0,"y":0.0},"bounds_align":0,"bounds_type":0,"crop_bottom":0,"crop_left":0,"crop_right":0,"crop_top":0,"group_item_backup":false,"hide_transition":{"duration":0},"id":5,"locked":true,"name":"11-Backgrounds-Viva","pos":{"x":0.0,"y":0.0},"private_settings":{},"rot":0.0,"scale":{"x":1.0,"y":1.0},"scale_filter":"disable","show_transition":{"duration":0},"visible":true},{"align":5,"bounds":{"x":0.0,"y":0.0},"bounds_align":0,"bounds_type":0,"crop_bottom":0,"crop_left":0,"crop_right":0,"crop_top":0,"group_item_backup":false,"hide_transition":{"duration":0},"id":2,"locked":true,"name":"00-LEFT-MONITOR","pos":{"x":398.0,"y":163.0},"private_settings":{},"rot":0.0,"scale":{"x":0.77239584922790527,"y":0.77222222089767456},"scale_filter":"disable","show_transition":{"duration":0},"visible":true},{"align":5,"bounds":{"x":0.0,"y":0.0},"bounds_align":0,"bounds_type":0,"crop_bottom":0,"crop_left":456,"crop_right":404,"crop_top":0,"group_item_backup":false,"hide_transition":{"duration":0},"id":4,"locked":true,"name":"00-CAMERA1","pos":{"x":0.0,"y":498.0},"private_settings":{},"rot":0.0,"scale":{"x":0.42552083730697632,"y":0.42592594027519226},"scale_filter":"disable","show_transition":{"duration":0},"visible":true},{"align":5,"bounds":{"x":0.0,"y":0.0},"bounds_align":0,"bounds_type":0,"crop_bottom":0,"crop_left":0,"crop_right":0,"crop_top":0,"group_item_backup":false,"hide_transition":{"duration":0},"id":3,"locked":true,"name":"11-Overlay-CityDateTime","pos":{"x":0.0,"y":0.0},"private_settings":{},"rot":0.0,"scale":{"x":1.0,"y":1.0},"scale_filter":"disable","show_transition":{"duration":0},"visible":true}]},"sync":0,"versioned_id":"scene","volume":1.0},{"balance":0.5,"deinterlace_field_order":0,"deinterlace_mode":0,"enabled":true,"flags":0,"hotkeys":{"OBSBasic.SelectScene":[]},"id":"scene","mixers":0,"monitoring_type":0,"muted":false,"name":"----------GREENSCREEN----------","prev_ver":453050371,"private_settings":{},"push-to-mute":false,"push-to-mute-delay":0,"push-to-talk":false,"push-to-talk-delay":0,"settings":{"custom_size":false,"id_counter":0,"items":[]},"sync":0,"versioned_id":"scene","volume":1.0},{"balance":0.5,"deinterlace_field_order":0,"deinterlace_mode":0,"enabled":true,"flags":0,"hotkeys":{"libobs.mute":[],"libobs.push-to-mute":[],"libobs.push-to-talk":[],"libobs.unmute":[]},"id":"browser_source","mixers":255,"monitoring_type":0,"muted":false,"name":"OBS-Date.html","prev_ver":453050371,"private_settings":{},"push-to-mute":false,"push-to-mute-delay":0,"push-to-talk":false,"push-to-talk-delay":0,"settings":{"css":"body { background-color: rgba(0, 0, 0, 0); margin: 0px auto; overflow: hidden; }","fps":30,"fps_custom":false,"height":100,"is_local_file":true,"local_file":"C:/Users/denzi/OneDrive/Videos/Text/OBS-Source-Date.html","reroute_audio":false,"restart_when_active":false,"shutdown":false,"url":"https://obsproject.com/browser-source","webpage_control_level":1,"width":403},"sync":0,"versioned_id":"browser_source","volume":1.0},{"balance":0.5,"deinterlace_field_order":0,"deinterlace_mode":0,"enabled":true,"flags":0,"hotkeys":{"libobs.mute":[],"libobs.push-to-mute":[],"libobs.push-to-talk":[],"libobs.unmute":[]},"id":"browser_source","mixers":255,"monitoring_type":0,"muted":false,"name":"OBS-CurrentTime.html","prev_ver":453050371,"private_settings":{},"push-to-mute":false,"push-to-mute-delay":0,"push-to-talk":false,"push-to-talk-delay":0,"settings":{"height":150,"is_local_file":true,"local_file":"C:/Users/denzi/OneDrive/Videos/Text/OBS-Source-CurrentTime.html","width":425},"sync":0,"versioned_id":"browser_source","volume":1.0},{"balance":0.5,"deinterlace_field_order":0,"deinterlace_mode":0,"enabled":true,"flags":0,"hotkeys":{"OBSBasic.SelectScene":[],"libobs.hide_scene_item.00-CAMERA1":[],"libobs.hide_scene_item.11-Backgrounds-Viva":[],"libobs.hide_scene_item.TeamsMeeting.png":[],"libobs.hide_scene_item.VIVA-background-office-08.jpg":[],"libobs.show_scene_item.00-CAMERA1":[],"libobs.show_scene_item.11-Backgrounds-Viva":[],"libobs.show_scene_item.TeamsMeeting.png":[],"libobs.show_scene_item.VIVA-background-office-08.jpg":[]},"id":"scene","mixers":0,"monitoring_type":0,"muted":false,"name":"44-Meeting-BoxOut 2","prev_ver":453050371,"private_settings":{"transition":"Cut"},"push-to-mute":false,"push-to-mute-delay":0,"push-to-talk":false,"push-to-talk-delay":0,"settings":{"custom_size":false,"id_counter":5,"items":[{"align":5,"bounds":{"x":0.0,"y":0.0},"bounds_align":0,"bounds_type":0,"crop_bottom":0,"crop_left":0,"crop_right":0,"crop_top":0,"group_item_backup":false,"hide_transition":{"duration":0},"id":5,"locked":true,"name":"11-Backgrounds-Viva","pos":{"x":0.0,"y":0.0},"private_settings":{},"rot":0.0,"scale":{"x":1.0,"y":1.0},"scale_filter":"disable","show_transition":{"duration":0},"visible":true},{"align":5,"bounds":{"x":0.0,"y":0.0},"bounds_align":0,"bounds_type":0,"crop_bottom":0,"crop_left":0,"crop_right":0,"crop_top":0,"group_item_backup":false,"hide_transition":{"duration":0},"id":4,"locked":true,"name":"00-CAMERA1","pos":{"x":0.0,"y":0.0},"private_settings":{},"rot":0.0,"scale":{"x":1.0,"y":1.0},"scale_filter":"disable","show_transition":{"duration":0},"visible":true},{"align":5,"bounds":{"x":0.0,"y":0.0},"bounds_align":0,"bounds_type":0,"crop_bottom":0,"crop_left":0,"crop_right":0,"crop_top":0,"group_item_backup":false,"hide_transition":{"duration":0},"id":2,"locked":true,"name":"TeamsMeeting.png","pos":{"x":252.0,"y":139.0},"private_settings":{},"rot":0.0,"scale":{"x":1.0,"y":1.0},"scale_filter":"disable","show_transition":{"duration":0},"visible":true},{"align":5,"bounds":{"x":0.0,"y":0.0},"bounds_align":0,"bounds_type":0,"crop_bottom":130,"crop_left":255,"crop_right":404,"crop_top":232,"group_item_backup":false,"hide_transition":{"duration":0},"id":3,"locked":true,"name":"VIVA-background-office-08.jpg","pos":{"x":255.0,"y":232.0},"private_settings":{},"rot":0.0,"scale":{"x":1.0,"y":1.0},"scale_filter":"disable","show_transition":{"duration":0},"visible":true}]},"sync":0,"versioned_id":"scene","volume":1.0},{"balance":0.5,"deinterlace_field_order":0,"deinterlace_mode":0,"enabled":true,"flags":0,"hotkeys":{},"id":"monitor_capture","mixers":0,"monitoring_type":0,"muted":false,"name":"LEFT-DISPLAY","prev_ver":453050371,"private_settings":{},"push-to-mute":false,"push-to-mute-delay":0,"push-to-talk":false,"push-to-talk-delay":0,"settings":{"monitor":2},"sync":0,"versioned_id":"monitor_capture","volume":1.0},{"balance":0.5,"deinterlace_field_order":0,"deinterlace_mode":0,"enabled":true,"flags":0,"hotkeys":{"OBSBasic.SelectScene":[],"libobs.hide_scene_item.LEFT-DISPLAY":[],"libobs.show_scene_item.LEFT-DISPLAY":[]},"id":"scene","mixers":0,"monitoring_type":0,"muted":false,"name":"00-LEFT-MONITOR","prev_ver":453050371,"private_settings":{},"push-to-mute":false,"push-to-mute-delay":0,"push-to-talk":false,"push-to-talk-delay":0,"settings":{"custom_size":false,"id_counter":2,"items":[{"align":5,"bounds":{"x":0.0,"y":0.0},"bounds_align":0,"bounds_type":0,"crop_bottom":0,"crop_left":0,"crop_right":0,"crop_top":0,"group_item_backup":false,"hide_transition":{"duration":0},"id":1,"locked":true,"name":"LEFT-DISPLAY","pos":{"x":0.0,"y":0.0},"private_settings":{},"rot":0.0,"scale":{"x":1.0,"y":1.0},"scale_filter":"disable","show_transition":{"duration":0},"visible":true}]},"sync":0,"versioned_id":"scene","volume":1.0},{"balance":0.5,"deinterlace_field_order":0,"deinterlace_mode":0,"enabled":true,"flags":0,"hotkeys":{"OBSBasic.SelectScene":[]},"id":"scene","mixers":0,"monitoring_type":0,"muted":false,"name":"----------DISPLAY----------","prev_ver":453050371,"private_settings":{},"push-to-mute":false,"push-to-mute-delay":0,"push-to-talk":false,"push-to-talk-delay":0,"settings":{"custom_size":false,"id_counter":0,"items":[]},"sync":0,"versioned_id":"scene","volume":1.0},{"balance":0.5,"deinterlace_field_order":0,"deinterlace_mode":0,"enabled":true,"flags":0,"hotkeys":{"OBSBasic.SelectScene":[]},"id":"scene","mixers":0,"monitoring_type":0,"muted":false,"name":"------------MEETING-----------","prev_ver":453050371,"private_settings":{},"push-to-mute":false,"push-to-mute-delay":0,"push-to-talk":false,"push-to-talk-delay":0,"settings":{"custom_size":false,"id_counter":0,"items":[]},"sync":0,"versioned_id":"scene","volume":1.0},{"balance":0.5,"deinterlace_field_order":0,"deinterlace_mode":0,"enabled":true,"flags":0,"hotkeys":{"OBSBasic.SelectScene":[]},"id":"scene","mixers":0,"monitoring_type":0,"muted":false,"name":"------------OVERLAYS-----------","prev_ver":453050371,"private_settings":{},"push-to-mute":false,"push-to-mute-delay":0,"push-to-talk":false,"push-to-talk-delay":0,"settings":{"custom_size":false,"id_counter":0,"items":[]},"sync":0,"versioned_id":"scene","volume":1.0},{"balance":0.5,"deinterlace_field_order":0,"deinterlace_mode":0,"enabled":true,"flags":0,"hotkeys":{"OBSBasic.SelectScene":[]},"id":"scene","mixers":0,"monitoring_type":0,"muted":false,"name":"------------CAMERAS-----------","prev_ver":453050371,"private_settings":{},"push-to-mute":false,"push-to-mute-delay":0,"push-to-talk":false,"push-to-talk-delay":0,"settings":{"custom_size":false,"id_counter":0,"items":[]},"sync":0,"versioned_id":"scene","volume":1.0},{"balance":0.5,"deinterlace_field_order":0,"deinterlace_mode":0,"enabled":true,"flags":0,"hotkeys":{"OBSBasic.SelectScene":[],"libobs.hide_scene_item.00-CAMERA1":[],"libobs.hide_scene_item.11-Backgrounds-Viva":[],"libobs.hide_scene_item.11-Overlay-NameTitle":[],"libobs.show_scene_item.00-CAMERA1":[],"libobs.show_scene_item.11-Backgrounds-Viva":[],"libobs.show_scene_item.11-Overlay-NameTitle":[]},"id":"scene","mixers":0,"monitoring_type":0,"muted":false,"name":"22-Meet Like A Boss - Show Title","prev_ver":453050371,"private_settings":{"transition":"Instant Replay"},"push-to-mute":false,"push-to-mute-delay":0,"push-to-talk":false,"push-to-talk-delay":0,"settings":{"custom_size":false,"id_counter":11,"items":[{"align":5,"bounds":{"x":0.0,"y":0.0},"bounds_align":0,"bounds_type":0,"crop_bottom":0,"crop_left":0,"crop_right":0,"crop_top":0,"group_item_backup":false,"hide_transition":{"duration":0},"id":11,"locked":true,"name":"11-Backgrounds-Viva","pos":{"x":0.0,"y":0.0},"private_settings":{},"rot":0.0,"scale":{"x":1.0,"y":1.0},"scale_filter":"disable","show_transition":{"duration":0},"visible":true},{"align":5,"bounds":{"x":0.0,"y":0.0},"bounds_align":0,"bounds_type":0,"crop_bottom":0,"crop_left":0,"crop_right":0,"crop_top":0,"group_item_backup":false,"hide_transition":{"duration":0},"id":10,"locked":true,"name":"00-CAMERA1","pos":{"x":0.0,"y":0.0},"private_settings":{},"rot":0.0,"scale":{"x":1.0,"y":1.0},"scale_filter":"disable","show_transition":{"duration":0},"visible":true},{"align":5,"bounds":{"x":0.0,"y":0.0},"bounds_align":0,"bounds_type":0,"crop_bottom":0,"crop_left":0,"crop_right":0,"crop_top":0,"group_item_backup":false,"hide_transition":{"duration":0},"id":8,"locked":true,"name":"11-Overlay-NameTitle","pos":{"x":0.0,"y":0.0},"private_settings":{},"rot":0.0,"scale":{"x":1.0,"y":1.0},"scale_filter":"disable","show_transition":{"duration":0},"visible":true}]},"sync":0,"versioned_id":"scene","volume":1.0},{"balance":0.5,"deinterlace_field_order":0,"deinterlace_mode":0,"enabled":true,"flags":0,"hotkeys":{"OBSBasic.SelectScene":[],"libobs.hide_scene_item.Group-NameTitle":[],"libobs.show_scene_item.Group-NameTitle":[]},"id":"scene","mixers":0,"monitoring_type":0,"muted":false,"name":"11-Overlay-NameTitle","prev_ver":453050371,"private_settings":{},"push-to-mute":false,"push-to-mute-delay":0,"push-to-talk":false,"push-to-talk-delay":0,"settings":{"custom_size":false,"id_counter":6,"items":[{"align":5,"bounds":{"x":0.0,"y":0.0},"bounds_align":0,"bounds_type":0,"crop_bottom":21,"crop_left":0,"crop_right":240,"crop_top":0,"group_item_backup":true,"hide_transition":{"duration":0},"id":3,"locked":true,"name":"Teams App Gray - Dark Mode","pos":{"x":584.0,"y":846.0},"private_settings":{},"rot":0.0,"scale":{"x":1.5471146106719971,"y":1.5445075035095215},"scale_filter":"disable","show_transition":{"duration":0},"visible":true},{"align":5,"bounds":{"x":0.0,"y":0.0},"bounds_align":0,"bounds_type":0,"crop_bottom":181,"crop_left":290,"crop_right":287,"crop_top":173,"group_item_backup":true,"hide_transition":{"duration":0},"id":4,"locked":true,"name":"Microsoft.png","pos":{"x":618.42071533203125,"y":888.3636474609375},"private_settings":{},"rot":0.0,"scale":{"x":0.47539079189300537,"y":0.47538736462593079},"scale_filter":"disable","show_transition":{"duration":0},"visible":true},{"align":5,"bounds":{"x":0.0,"y":0.0},"bounds_align":0,"bounds_type":0,"crop_bottom":0,"crop_left":0,"crop_right":0,"crop_top":0,"group_item_backup":true,"hide_transition":{"duration":0},"id":5,"locked":true,"name":"Title","pos":{"x":790.52423095703125,"y":969.11932373046875},"private_settings":{},"rot":0.0,"scale":{"x":0.19151535630226135,"y":0.19133967161178589},"scale_filter":"disable","show_transition":{"duration":0},"visible":true},{"align":5,"bounds":{"x":0.0,"y":0.0},"bounds_align":0,"bounds_type":0,"crop_bottom":0,"crop_left":0,"crop_right":0,"crop_top":0,"group_item_backup":true,"hide_transition":{"duration":0},"id":6,"locked":true,"name":"Name","pos":{"x":782.58099365234375,"y":889.6875},"private_settings":{},"rot":0.0,"scale":{"x":0.33597034215927124,"y":0.33613723516464233},"scale_filter":"disable","show_transition":{"duration":0},"visible":true},{"align":5,"bounds":{"x":0.0,"y":0.0},"bounds_align":0,"bounds_type":0,"crop_bottom":0,"crop_left":0,"crop_right":0,"crop_top":24,"group_item_backup":false,"hide_transition":{"duration":0},"id":1,"locked":true,"name":"Group-NameTitle","pos":{"x":584.0,"y":846.0},"private_settings":{"collapsed":true},"rot":0.0,"scale":{"x":1.3238731622695923,"y":1.3238636255264282},"scale_filter":"disable","show_transition":{"duration":0},"visible":true}]},"sync":0,"versioned_id":"scene","volume":1.0},{"balance":0.5,"deinterlace_field_order":0,"deinterlace_mode":0,"enabled":true,"flags":0,"hotkeys":{"OBSBasic.SelectScene":[],"libobs.hide_scene_item.XSPLITVCAM":[],"libobs.show_scene_item.XSPLITVCAM":[]},"id":"scene","mixers":0,"monitoring_type":0,"muted":false,"name":"00-CAMERA1","prev_ver":453050371,"private_settings":{},"push-to-mute":false,"push-to-mute-delay":0,"push-to-talk":false,"push-to-talk-delay":0,"settings":{"custom_size":false,"id_counter":4,"items":[{"align":5,"bounds":{"x":1920.0,"y":1080.0},"bounds_align":0,"bounds_type":2,"crop_bottom":0,"crop_left":0,"crop_right":0,"crop_top":0,"group_item_backup":false,"hide_transition":{"duration":0},"id":1,"locked":true,"name":"XSPLITVCAM","pos":{"x":0.0,"y":0.0},"private_settings":{},"rot":0.0,"scale":{"x":1.0,"y":1.0},"scale_filter":"disable","show_transition":{"duration":0},"visible":true}]},"sync":0,"versioned_id":"scene","volume":1.0},{"balance":0.5,"deinterlace_field_order":0,"deinterlace_mode":0,"enabled":true,"flags":0,"hotkeys":{},"id":"text_gdiplus","mixers":0,"monitoring_type":0,"muted":false,"name":"Location","prev_ver":453050371,"private_settings":{},"push-to-mute":false,"push-to-mute-delay":0,"push-to-talk":false,"push-to-talk-delay":0,"settings":{"align":"center","antialiasing":true,"bk_color":4294967295,"bk_opacity":100,"color":4278190080,"font":{"face":"Agency FB","flags":1,"size":512,"style":"Bold"},"text":"  TORONTO, ON  ","valign":"center"},"sync":0,"versioned_id":"text_gdiplus_v2","volume":1.0},{"balance":0.5,"deinterlace_field_order":0,"deinterlace_mode":0,"enabled":true,"flags":0,"hotkeys":{"libobs.mute":[],"libobs.push-to-mute":[],"libobs.push-to-talk":[],"libobs.unmute":[]},"id":"browser_source","mixers":255,"monitoring_type":0,"muted":false,"name":"Date 2","prev_ver":453050371,"private_settings":{},"push-to-mute":false,"push-to-mute-delay":0,"push-to-talk":false,"push-to-talk-delay":0,"settings":{"css":"body { \n\ttext-align:center !important; \n\tfont: normal 50px Arial !important;font-weight:450 !important;\n\tcolor:black; background-color: white; \n\tborder-radius:5px; margin: 0px auto; \n\t#display:inline-block;\n\toverflow: hidden; \n\tpadding: 2px 5px;\n}","height":60,"url":"https://cdn.rawgit.com/sam0737/a0ee8ca253fc5c84b2aa2ac018f7b8ad/raw/108196e17c2c9d79ff60ed3bf788973ab94da9af/clock.html?&format=MMM%20DD,%20YYYY","width":400},"sync":0,"versioned_id":"browser_source","volume":1.0},{"balance":0.5,"deinterlace_field_order":0,"deinterlace_mode":0,"enabled":true,"flags":0,"hotkeys":{"libobs.mute":[],"libobs.push-to-mute":[],"libobs.push-to-talk":[],"libobs.unmute":[]},"id":"browser_source","mixers":255,"monitoring_type":0,"muted":false,"name":"Time 2","prev_ver":453050371,"private_settings":{},"push-to-mute":false,"push-to-mute-delay":0,"push-to-talk":false,"push-to-talk-delay":0,"settings":{"css":"body {text-align:center; background-color:black; color: white !Important}","height":60,"url":"https://cdn.rawgit.com/sam0737/a0ee8ca253fc5c84b2aa2ac018f7b8ad/raw/108196e17c2c9d79ff60ed3bf788973ab94da9af/clock.html?style=font-family:Google%20Sans,arial,sans-serif%20!important;%20color:5558af;%20display:%20inline-block;%20border-radius:%205px;%20padding:%202px%205px;background-color:%20white(0,0,0,0);font-weight:lighter%20!important;%20font-size:xx-large!important;&format=h:mm:ss%20A%20[ET]","width":349},"sync":0,"versioned_id":"browser_source","volume":1.0},{"balance":0.5,"deinterlace_field_order":0,"deinterlace_mode":0,"enabled":true,"flags":0,"hotkeys":{"OBSBasic.SelectScene":[],"libobs.hide_scene_item.Group-CityTime":[],"libobs.hide_scene_item.Group-Date":[],"libobs.hide_scene_item.Microsoft.png":[],"libobs.hide_scene_item.OBS-CurrentTime.html":[],"libobs.hide_scene_item.OBS-Date.html":[],"libobs.show_scene_item.Group-CityTime":[],"libobs.show_scene_item.Group-Date":[],"libobs.show_scene_item.Microsoft.png":[],"libobs.show_scene_item.OBS-CurrentTime.html":[],"libobs.show_scene_item.OBS-Date.html":[]},"id":"scene","mixers":0,"monitoring_type":0,"muted":false,"name":"11-Overlay-CityDateTime","prev_ver":453050371,"private_settings":{},"push-to-mute":false,"push-to-mute-delay":0,"push-to-talk":false,"push-to-talk-delay":0,"settings":{"custom_size":false,"id_counter":12,"items":[{"align":5,"bounds":{"x":0.0,"y":0.0},"bounds_align":0,"bounds_type":0,"crop_bottom":15,"crop_left":0,"crop_right":0,"crop_top":0,"group_item_backup":true,"hide_transition":{"duration":0},"id":8,"locked":false,"name":"Teams App Gray - Dark Mode","pos":{"x":1605.8997802734375,"y":93.0},"private_settings":{},"rot":0.0,"scale":{"x":0.36249017715454102,"y":0.36035221815109253},"scale_filter":"disable","show_transition":{"duration":0},"visible":true},{"align":5,"bounds":{"x":0.0,"y":0.0},"bounds_align":0,"bounds_type":0,"crop_bottom":0,"crop_left":0,"crop_right":0,"crop_top":0,"group_item_backup":true,"hide_transition":{"duration":0},"id":4,"locked":false,"name":"Date 2","pos":{"x":1600.1763916015625,"y":93.000015258789062},"private_settings":{},"rot":0.0,"scale":{"x":0.67455881834030151,"y":0.67281556129455566},"scale_filter":"disable","show_transition":{"duration":0},"visible":true},{"align":5,"bounds":{"x":0.0,"y":0.0},"bounds_align":0,"bounds_type":0,"crop_bottom":0,"crop_left":0,"crop_right":0,"crop_top":0,"group_item_backup":false,"hide_transition":{"duration":0},"id":9,"locked":true,"name":"Group-Date","pos":{"x":1600.1763916015625,"y":93.0},"private_settings":{"collapsed":true},"rot":0.0,"scale":{"x":0.40882351994514465,"y":0.40776699781417847},"scale_filter":"disable","show_transition":{"duration":0},"visible":false},{"align":5,"bounds":{"x":0.0,"y":0.0},"bounds_align":0,"bounds_type":0,"crop_bottom":0,"crop_left":0,"crop_right":1563,"crop_top":0,"group_item_backup":true,"hide_transition":{"duration":0},"id":3,"locked":false,"name":"Teams App Brand Background","pos":{"x":33.0,"y":909.0},"private_settings":{},"rot":0.0,"scale":{"x":0.81486570835113525,"y":0.81464052200317383},"scale_filter":"disable","show_transition":{"duration":0},"visible":true},{"align":5,"bounds":{"x":0.0,"y":0.0},"bounds_align":0,"bounds_type":0,"crop_bottom":0,"crop_left":0,"crop_right":0,"crop_top":0,"group_item_backup":true,"hide_transition":{"duration":0},"id":2,"locked":false,"name":"Time 2","pos":{"x":45.843833923339844,"y":983.76470947265625},"private_settings":{},"rot":0.0,"scale":{"x":0.80273973941802979,"y":0.80392158031463623},"scale_filter":"disable","show_transition":{"duration":0},"visible":true},{"align":5,"bounds":{"x":0.0,"y":0.0},"bounds_align":0,"bounds_type":0,"crop_bottom":0,"crop_left":0,"crop_right":0,"crop_top":0,"group_item_backup":true,"hide_transition":{"duration":0},"id":5,"locked":false,"name":"Location","pos":{"x":45.041091918945312,"y":909.0},"private_settings":{},"rot":0.0,"scale":{"x":0.14177943766117096,"y":0.14213822782039642},"scale_filter":"disable","show_transition":{"duration":0},"visible":true},{"align":5,"bounds":{"x":0.0,"y":0.0},"bounds_align":0,"bounds_type":0,"crop_bottom":0,"crop_left":0,"crop_right":0,"crop_top":0,"group_item_backup":false,"hide_transition":{"duration":0},"id":6,"locked":true,"name":"Group-CityTime","pos":{"x":33.0,"y":909.0},"private_settings":{"collapsed":true},"rot":0.0,"scale":{"x":0.80273973941802979,"y":0.80392158031463623},"scale_filter":"disable","show_transition":{"duration":0},"visible":false},{"align":5,"bounds":{"x":0.0,"y":0.0},"bounds_align":0,"bounds_type":0,"crop_bottom":0,"crop_left":0,"crop_right":0,"crop_top":0,"group_item_backup":false,"hide_transition":{"duration":0},"id":11,"locked":true,"name":"OBS-CurrentTime.html","pos":{"x":44.0,"y":863.0},"private_settings":{},"rot":0.0,"scale":{"x":1.0,"y":1.0},"scale_filter":"disable","show_transition":{"duration":0},"visible":true},{"align":5,"bounds":{"x":0.0,"y":0.0},"bounds_align":0,"bounds_type":0,"crop_bottom":0,"crop_left":0,"crop_right":0,"crop_top":0,"group_item_backup":false,"hide_transition":{"duration":0},"id":12,"locked":true,"name":"OBS-Date.html","pos":{"x":1464.0,"y":49.0},"private_settings":{},"rot":0.0,"scale":{"x":1.0,"y":1.0},"scale_filter":"disable","show_transition":{"duration":0},"visible":true},{"align":5,"bounds":{"x":0.0,"y":0.0},"bounds_align":0,"bounds_type":0,"crop_bottom":0,"crop_left":0,"crop_right":0,"crop_top":0,"group_item_backup":false,"hide_transition":{"duration":0},"id":10,"locked":true,"name":"Microsoft.png","pos":{"x":0.0,"y":0.0},"private_settings":{},"rot":0.0,"scale":{"x":0.37159091234207153,"y":0.37121212482452393},"scale_filter":"disable","show_transition":{"duration":0},"visible":true}]},"sync":0,"versioned_id":"scene","volume":1.0},{"balance":0.5,"deinterlace_field_order":0,"deinterlace_mode":0,"enabled":true,"flags":0,"hotkeys":{"libobs.mute":[],"libobs.push-to-mute":[],"libobs.push-to-talk":[],"libobs.unmute":[]},"id":"dshow_input","mixers":255,"monitoring_type":0,"muted":false,"name":"XSPLITVCAM","prev_ver":453050371,"private_settings":{},"push-to-mute":false,"push-to-mute-delay":0,"push-to-talk":false,"push-to-talk-delay":0,"settings":{"active":true,"audio_output_mode":0,"autorotation":true,"color_range":"default","color_space":"default","frame_interval":-1,"last_resolution":"1280x720","last_video_device_id":"XSplit VCam:\\\\?\\root#22image#220000#22{65e8773d-8f56-11d0-a3b9-00a0c9223196}\\global","res_type":1,"resolution":"1280x720","video_device_id":"XSplit VCam:\\\\?\\root#22image#220000#22{65e8773d-8f56-11d0-a3b9-00a0c9223196}\\global","video_format":0},"sync":0,"versioned_id":"dshow_input","volume":1.0},{"balance":0.5,"deinterlace_field_order":0,"deinterlace_mode":0,"enabled":true,"flags":0,"hotkeys":{},"id":"color_source","mixers":0,"monitoring_type":0,"muted":false,"name":"Teams App Brand Background","prev_ver":453050371,"private_settings":{},"push-to-mute":false,"push-to-mute-delay":0,"push-to-talk":false,"push-to-talk-delay":0,"settings":{"color":4289160290,"height":150,"width":1920},"sync":0,"versioned_id":"color_source_v3","volume":1.0},{"balance":0.5,"deinterlace_field_order":0,"deinterlace_mode":0,"enabled":true,"filters":[{"balance":0.5,"deinterlace_field_order":0,"deinterlace_mode":0,"enabled":true,"flags":0,"hotkeys":{},"id":"chroma_key_filter","mixers":0,"monitoring_type":0,"muted":false,"name":"Chroma Key","prev_ver":453050371,"private_settings":{},"push-to-mute":false,"push-to-mute-delay":0,"push-to-talk":false,"push-to-talk-delay":0,"settings":{"brightness":-0.63,"contrast":-1,"gamma":-0.47999999999999998,"opacity":62},"sync":0,"versioned_id":"chroma_key_filter","volume":1.0}],"flags":0,"hotkeys":{},"id":"color_source","mixers":0,"monitoring_type":0,"muted":false,"name":"Teams App Gray - Dark Mode","prev_ver":453050371,"private_settings":{},"push-to-mute":false,"push-to-mute-delay":0,"push-to-talk":false,"push-to-talk-delay":0,"settings":{"color":4282728512,"height":150,"width":750},"sync":0,"versioned_id":"color_source_v3","volume":1.0},{"balance":0.5,"deinterlace_field_order":0,"deinterlace_mode":0,"enabled":true,"flags":0,"hotkeys":{},"id":"image_source","mixers":0,"monitoring_type":0,"muted":false,"name":"Microsoft.png","prev_ver":453050371,"private_settings":{},"push-to-mute":false,"push-to-mute-delay":0,"push-to-talk":false,"push-to-talk-delay":0,"settings":{"file":"C:/Users/denzi/OneDrive/Pictures/Logos/Microsoft.png"},"sync":0,"versioned_id":"image_source","volume":1.0},{"balance":0.5,"deinterlace_field_order":0,"deinterlace_mode":0,"enabled":true,"flags":0,"hotkeys":{"OBSBasic.SelectScene":[],"libobs.hide_scene_item.00-CAMERA1":[],"libobs.hide_scene_item.11-Backgrounds-Viva":[],"libobs.hide_scene_item.11-Overlay-CityDateTime":[],"libobs.show_scene_item.00-CAMERA1":[],"libobs.show_scene_item.11-Backgrounds-Viva":[],"libobs.show_scene_item.11-Overlay-CityDateTime":[]},"id":"scene","mixers":0,"monitoring_type":0,"muted":false,"name":"22-Meet Like A Boss","prev_ver":453050371,"private_settings":{"transition":"Instant Replay"},"push-to-mute":false,"push-to-mute-delay":0,"push-to-talk":false,"push-to-talk-delay":0,"settings":{"custom_size":false,"id_counter":14,"items":[{"align":5,"bounds":{"x":0.0,"y":0.0},"bounds_align":0,"bounds_type":0,"crop_bottom":0,"crop_left":0,"crop_right":0,"crop_top":0,"group_item_backup":false,"hide_transition":{"duration":0},"id":14,"locked":true,"name":"11-Backgrounds-Viva","pos":{"x":0.0,"y":0.0},"private_settings":{},"rot":0.0,"scale":{"x":1.0,"y":1.0},"scale_filter":"disable","show_transition":{"duration":0},"visible":true},{"align":5,"bounds":{"x":0.0,"y":0.0},"bounds_align":0,"bounds_type":0,"crop_bottom":0,"crop_left":0,"crop_right":0,"crop_top":0,"group_item_backup":false,"hide_transition":{"duration":0},"id":11,"locked":true,"name":"00-CAMERA1","pos":{"x":0.0,"y":0.0},"private_settings":{},"rot":0.0,"scale":{"x":1.0,"y":1.0},"scale_filter":"disable","show_transition":{"duration":0},"visible":true},{"align":5,"bounds":{"x":0.0,"y":0.0},"bounds_align":0,"bounds_type":0,"crop_bottom":0,"crop_left":0,"crop_right":0,"crop_top":0,"group_item_backup":false,"hide_transition":{"duration":0},"id":9,"locked":true,"name":"11-Overlay-CityDateTime","pos":{"x":0.0,"y":0.0},"private_settings":{},"rot":0.0,"scale":{"x":1.0,"y":1.0},"scale_filter":"disable","show_transition":{"duration":0},"visible":true}]},"sync":0,"versioned_id":"scene","volume":1.0},{"balance":0.5,"deinterlace_field_order":0,"deinterlace_mode":0,"enabled":true,"flags":0,"hotkeys":{},"id":"text_gdiplus","mixers":0,"monitoring_type":0,"muted":false,"name":"Title","prev_ver":453050371,"private_settings":{},"push-to-mute":false,"push-to-mute-delay":0,"push-to-talk":false,"push-to-talk-delay":0,"settings":{"antialiasing":true,"font":{"face":"Segoe UI Semilight","flags":0,"size":256,"style":"Regular"},"text":"Teams Technical Specialist"},"sync":0,"versioned_id":"text_gdiplus_v2","volume":1.0},{"balance":0.5,"deinterlace_field_order":0,"deinterlace_mode":0,"enabled":true,"flags":0,"hotkeys":{},"id":"text_gdiplus","mixers":0,"monitoring_type":0,"muted":false,"name":"Name","prev_ver":453050371,"private_settings":{},"push-to-mute":false,"push-to-mute-delay":0,"push-to-talk":false,"push-to-talk-delay":0,"settings":{"font":{"face":"Segoe UI Semibold","flags":1,"size":256,"style":"Regular"},"text":"Denzil Fernandes"},"sync":0,"versioned_id":"text_gdiplus_v2","volume":1.0},{"balance":0.5,"deinterlace_field_order":0,"deinterlace_mode":0,"enabled":true,"flags":0,"hotkeys":{"OBSBasic.SelectScene":[]},"id":"scene","mixers":0,"monitoring_type":0,"muted":false,"name":"----------SCREENSHARE----------","prev_ver":453050371,"private_settings":{},"push-to-mute":false,"push-to-mute-delay":0,"push-to-talk":false,"push-to-talk-delay":0,"settings":{"custom_size":false,"id_counter":0,"items":[]},"sync":0,"versioned_id":"scene","volume":1.0},{"balance":0.5,"deinterlace_field_order":0,"deinterlace_mode":0,"enabled":true,"flags":0,"hotkeys":{"OBSBasic.SelectScene":[],"libobs.hide_scene_item.00-CAMERA1":[],"libobs.hide_scene_item.11-Backgrounds-Viva":[],"libobs.hide_scene_item.TeamsMeeting.png":[],"libobs.hide_scene_item.VIVA-background-office-08.jpg":[],"libobs.show_scene_item.00-CAMERA1":[],"libobs.show_scene_item.11-Backgrounds-Viva":[],"libobs.show_scene_item.TeamsMeeting.png":[],"libobs.show_scene_item.VIVA-background-office-08.jpg":[]},"id":"scene","mixers":0,"monitoring_type":0,"muted":false,"name":"44-Meeting-Box","prev_ver":453050371,"private_settings":{"transition":"Cut"},"push-to-mute":false,"push-to-mute-delay":0,"push-to-talk":false,"push-to-talk-delay":0,"settings":{"custom_size":false,"id_counter":6,"items":[{"align":5,"bounds":{"x":0.0,"y":0.0},"bounds_align":0,"bounds_type":0,"crop_bottom":0,"crop_left":0,"crop_right":0,"crop_top":0,"group_item_backup":false,"hide_transition":{"duration":0},"id":6,"locked":true,"name":"11-Backgrounds-Viva","pos":{"x":0.0,"y":0.0},"private_settings":{},"rot":0.0,"scale":{"x":1.0,"y":1.0},"scale_filter":"disable","show_transition":{"duration":0},"visible":true},{"align":5,"bounds":{"x":0.0,"y":0.0},"bounds_align":0,"bounds_type":0,"crop_bottom":0,"crop_left":0,"crop_right":0,"crop_top":0,"group_item_backup":false,"hide_transition":{"duration":0},"id":1,"locked":true,"name":"TeamsMeeting.png","pos":{"x":252.0,"y":139.0},"private_settings":{},"rot":0.0,"scale":{"x":1.0,"y":1.0},"scale_filter":"disable","show_transition":{"duration":0},"visible":true},{"align":5,"bounds":{"x":0.0,"y":0.0},"bounds_align":0,"bounds_type":0,"crop_bottom":130,"crop_left":255,"crop_right":404,"crop_top":232,"group_item_backup":false,"hide_transition":{"duration":0},"id":5,"locked":true,"name":"VIVA-background-office-08.jpg","pos":{"x":255.0,"y":232.0},"private_settings":{},"rot":0.0,"scale":{"x":1.0,"y":1.0},"scale_filter":"disable","show_transition":{"duration":0},"visible":true},{"align":5,"bounds":{"x":0.0,"y":0.0},"bounds_align":0,"bounds_type":0,"crop_bottom":130,"crop_left":254,"crop_right":399,"crop_top":232,"group_item_backup":false,"hide_transition":{"duration":0},"id":4,"locked":true,"name":"00-CAMERA1","pos":{"x":254.0,"y":232.0},"private_settings":{},"rot":0.0,"scale":{"x":1.0,"y":1.0},"scale_filter":"disable","show_transition":{"duration":0},"visible":true}]},"sync":0,"versioned_id":"scene","volume":1.0},{"balance":0.5,"deinterlace_field_order":0,"deinterlace_mode":0,"enabled":true,"flags":0,"hotkeys":{},"id":"image_source","mixers":0,"monitoring_type":0,"muted":false,"name":"TeamsMeeting.png","prev_ver":453050371,"private_settings":{},"push-to-mute":false,"push-to-mute-delay":0,"push-to-talk":false,"push-to-talk-delay":0,"settings":{"file":"C:/Users/denzi/OneDrive/Videos/Backgrounds/TeamsMeeting.png","linear_alpha":false,"unload":false},"sync":0,"versioned_id":"image_source","volume":1.0},{"balance":0.5,"deinterlace_field_order":0,"deinterlace_mode":0,"enabled":true,"flags":0,"hotkeys":{},"id":"image_source","mixers":0,"monitoring_type":0,"muted":false,"name":"VIVA-background-office-06.jpg","prev_ver":453050371,"private_settings":{},"push-to-mute":false,"push-to-mute-delay":0,"push-to-talk":false,"push-to-talk-delay":0,"settings":{"file":"C:/Users/denzi/OneDrive/Videos/Backgrounds/Teams Backgrounds/Office/VIVA-background-office-06.jpg"},"sync":0,"versioned_id":"image_source","volume":1.0},{"balance":0.5,"deinterlace_field_order":0,"deinterlace_mode":0,"enabled":true,"flags":0,"hotkeys":{},"id":"image_source","mixers":0,"monitoring_type":0,"muted":false,"name":"VIVA-background-office-08.jpg","prev_ver":453050371,"private_settings":{},"push-to-mute":false,"push-to-mute-delay":0,"push-to-talk":false,"push-to-talk-delay":0,"settings":{"file":"C:/Users/denzi/OneDrive/Videos/Backgrounds/Teams Backgrounds/Office/VIVA-background-office-08.jpg"},"sync":0,"versioned_id":"image_source","volume":1.0},{"balance":0.5,"deinterlace_field_order":0,"deinterlace_mode":0,"enabled":true,"flags":0,"hotkeys":{"OBSBasic.SelectScene":[],"libobs.hide_scene_item.00-CAMERA1":[],"libobs.hide_scene_item.11-Backgrounds-Viva":[],"libobs.hide_scene_item.TeamsMeeting.png":[],"libobs.hide_scene_item.VIVA-background-office-08.jpg":[],"libobs.show_scene_item.00-CAMERA1":[],"libobs.show_scene_item.11-Backgrounds-Viva":[],"libobs.show_scene_item.TeamsMeeting.png":[],"libobs.show_scene_item.VIVA-background-office-08.jpg":[]},"id":"scene","mixers":0,"monitoring_type":0,"muted":false,"name":"44-Meeting-BoxOut","prev_ver":453050371,"private_settings":{"transition":"Cut"},"push-to-mute":false,"push-to-mute-delay":0,"push-to-talk":false,"push-to-talk-delay":0,"settings":{"custom_size":false,"id_counter":5,"items":[{"align":5,"bounds":{"x":0.0,"y":0.0},"bounds_align":0,"bounds_type":0,"crop_bottom":0,"crop_left":0,"crop_right":0,"crop_top":0,"group_item_backup":false,"hide_transition":{"duration":0},"id":5,"locked":true,"name":"11-Backgrounds-Viva","pos":{"x":0.0,"y":0.0},"private_settings":{},"rot":0.0,"scale":{"x":1.0,"y":1.0},"scale_filter":"disable","show_transition":{"duration":0},"visible":true},{"align":5,"bounds":{"x":0.0,"y":0.0},"bounds_align":0,"bounds_type":0,"crop_bottom":0,"crop_left":0,"crop_right":0,"crop_top":0,"group_item_backup":false,"hide_transition":{"duration":0},"id":2,"locked":true,"name":"TeamsMeeting.png","pos":{"x":252.0,"y":139.0},"private_settings":{},"rot":0.0,"scale":{"x":1.0,"y":1.0},"scale_filter":"disable","show_transition":{"duration":0},"visible":true},{"align":5,"bounds":{"x":0.0,"y":0.0},"bounds_align":0,"bounds_type":0,"crop_bottom":130,"crop_left":255,"crop_right":404,"crop_top":232,"group_item_backup":false,"hide_transition":{"duration":0},"id":3,"locked":true,"name":"VIVA-background-office-08.jpg","pos":{"x":255.0,"y":232.0},"private_settings":{},"rot":0.0,"scale":{"x":1.0,"y":1.0},"scale_filter":"disable","show_transition":{"duration":0},"visible":true},{"align":5,"bounds":{"x":0.0,"y":0.0},"bounds_align":0,"bounds_type":0,"crop_bottom":0,"crop_left":0,"crop_right":0,"crop_top":0,"group_item_backup":false,"hide_transition":{"duration":0},"id":4,"locked":true,"name":"00-CAMERA1","pos":{"x":0.0,"y":0.0},"private_settings":{},"rot":0.0,"scale":{"x":1.0,"y":1.0},"scale_filter":"disable","show_transition":{"duration":0},"visible":true}]},"sync":0,"versioned_id":"scene","volume":1.0}],"transition_duration":500,"transitions":[]}