{
    "current_program_scene": "00-ShowWebCameraOnly",
    "current_scene": "00-ShowWebCameraOnly",
    "current_transition": "Fade",
    "groups": [
        {
            "balance": 0.5,
            "deinterlace_field_order": 0,
            "deinterlace_mode": 0,
            "enabled": true,
            "flags": 0,
            "hotkeys": {
                "libobs.hide_scene_item.Microsoft.png": [],
                "libobs.hide_scene_item.Name": [],
                "libobs.hide_scene_item.Teams App Gray - Dark Mode": [],
                "libobs.hide_scene_item.Title": [],
                "libobs.show_scene_item.Microsoft.png": [],
                "libobs.show_scene_item.Name": [],
                "libobs.show_scene_item.Teams App Gray - Dark Mode": [],
                "libobs.show_scene_item.Title": []
            },
            "id": "group",
            "mixers": 0,
            "monitoring_type": 0,
            "muted": false,
            "name": "Group-NameTitle",
            "prev_ver": 436273153,
            "private_settings": {},
            "push-to-mute": false,
            "push-to-mute-delay": 0,
            "push-to-talk": false,
            "push-to-talk-delay": 0,
            "settings": {
                "custom_size": true,
                "cx": 596,
                "cy": 151,
                "id_counter": 0,
                "items": [
                    {
                        "align": 5,
                        "bounds": {
                            "x": 0.0,
                            "y": 0.0
                        },
                        "bounds_align": 0,
                        "bounds_type": 0,
                        "crop_bottom": 21,
                        "crop_left": 0,
                        "crop_right": 240,
                        "crop_top": 0,
                        "group_item_backup": false,
                        "id": 3,
                        "locked": false,
                        "name": "Teams App Gray - Dark Mode",
                        "pos": {
                            "x": 0.0,
                            "y": 0.0
                        },
                        "private_settings": {},
                        "rot": 0.0,
                        "scale": {
                            "x": 1.1686275005340576,
                            "y": 1.1666666269302368
                        },
                        "scale_filter": "disable",
                        "visible": true
                    },
                    {
                        "align": 5,
                        "bounds": {
                            "x": 0.0,
                            "y": 0.0
                        },
                        "bounds_align": 0,
                        "bounds_type": 0,
                        "crop_bottom": 181,
                        "crop_left": 290,
                        "crop_right": 287,
                        "crop_top": 173,
                        "group_item_backup": false,
                        "id": 4,
                        "locked": false,
                        "name": "Microsoft.png",
                        "pos": {
                            "x": 26.0,
                            "y": 32.0
                        },
                        "private_settings": {},
                        "rot": 0.0,
                        "scale": {
                            "x": 0.3590908944606781,
                            "y": 0.3590908944606781
                        },
                        "scale_filter": "disable",
                        "visible": true
                    },
                    {
                        "align": 5,
                        "bounds": {
                            "x": 0.0,
                            "y": 0.0
                        },
                        "bounds_align": 0,
                        "bounds_type": 0,
                        "crop_bottom": 0,
                        "crop_left": 0,
                        "crop_right": 0,
                        "crop_top": 0,
                        "group_item_backup": false,
                        "id": 5,
                        "locked": false,
                        "name": "Title",
                        "pos": {
                            "x": 156.0,
                            "y": 93.0
                        },
                        "private_settings": {},
                        "rot": 0.0,
                        "scale": {
                            "x": 0.14466291666030884,
                            "y": 0.14453125
                        },
                        "scale_filter": "disable",
                        "visible": true
                    },
                    {
                        "align": 5,
                        "bounds": {
                            "x": 0.0,
                            "y": 0.0
                        },
                        "bounds_align": 0,
                        "bounds_type": 0,
                        "crop_bottom": 0,
                        "crop_left": 0,
                        "crop_right": 0,
                        "crop_top": 0,
                        "group_item_backup": false,
                        "id": 6,
                        "locked": false,
                        "name": "Name",
                        "pos": {
                            "x": 150.0,
                            "y": 33.0
                        },
                        "private_settings": {},
                        "rot": 0.0,
                        "scale": {
                            "x": 0.25377833843231201,
                            "y": 0.25390625
                        },
                        "scale_filter": "disable",
                        "visible": true
                    }
                ]
            },
            "sync": 0,
            "versioned_id": "group",
            "volume": 1.0
        },
        {
            "balance": 0.5,
            "deinterlace_field_order": 0,
            "deinterlace_mode": 0,
            "enabled": true,
            "flags": 0,
            "hotkeys": {
                "libobs.hide_scene_item.Location": [],
                "libobs.hide_scene_item.Teams App Brand Background": [],
                "libobs.hide_scene_item.Time 2": [],
                "libobs.show_scene_item.Location": [],
                "libobs.show_scene_item.Teams App Brand Background": [],
                "libobs.show_scene_item.Time 2": []
            },
            "id": "group",
            "mixers": 0,
            "monitoring_type": 0,
            "muted": false,
            "name": "Group-CityTime",
            "prev_ver": 436273153,
            "private_settings": {},
            "push-to-mute": false,
            "push-to-mute-delay": 0,
            "push-to-talk": false,
            "push-to-talk-delay": 0,
            "settings": {
                "custom_size": true,
                "cx": 428,
                "cy": 153,
                "id_counter": 0,
                "items": [
                    {
                        "align": 5,
                        "bounds": {
                            "x": 0.0,
                            "y": 0.0
                        },
                        "bounds_align": 0,
                        "bounds_type": 0,
                        "crop_bottom": 0,
                        "crop_left": 0,
                        "crop_right": 1563,
                        "crop_top": 0,
                        "group_item_backup": false,
                        "id": 3,
                        "locked": false,
                        "name": "Teams App Brand Background",
                        "pos": {
                            "x": 0.0,
                            "y": 0.0
                        },
                        "private_settings": {},
                        "rot": 0.0,
                        "scale": {
                            "x": 1.0151057243347168,
                            "y": 1.0133333206176758
                        },
                        "scale_filter": "disable",
                        "visible": true
                    },
                    {
                        "align": 5,
                        "bounds": {
                            "x": 0.0,
                            "y": 0.0
                        },
                        "bounds_align": 0,
                        "bounds_type": 0,
                        "crop_bottom": 0,
                        "crop_left": 0,
                        "crop_right": 0,
                        "crop_top": 0,
                        "group_item_backup": false,
                        "id": 2,
                        "locked": false,
                        "name": "Time 2",
                        "pos": {
                            "x": 15.999996185302734,
                            "y": 93.0
                        },
                        "private_settings": {},
                        "rot": 0.0,
                        "scale": {
                            "x": 1.0,
                            "y": 1.0
                        },
                        "scale_filter": "disable",
                        "visible": true
                    },
                    {
                        "align": 5,
                        "bounds": {
                            "x": 0.0,
                            "y": 0.0
                        },
                        "bounds_align": 0,
                        "bounds_type": 0,
                        "crop_bottom": 0,
                        "crop_left": 0,
                        "crop_right": 0,
                        "crop_top": 0,
                        "group_item_backup": false,
                        "id": 5,
                        "locked": false,
                        "name": "Location",
                        "pos": {
                            "x": 14.999992370605469,
                            "y": 0.0
                        },
                        "private_settings": {},
                        "rot": 0.0,
                        "scale": {
                            "x": 0.17661942541599274,
                            "y": 0.17680609226226807
                        },
                        "scale_filter": "disable",
                        "visible": true
                    }
                ]
            },
            "sync": 0,
            "versioned_id": "group",
            "volume": 1.0
        },
        {
            "balance": 0.5,
            "deinterlace_field_order": 0,
            "deinterlace_mode": 0,
            "enabled": true,
            "flags": 0,
            "hotkeys": {
                "libobs.hide_scene_item.Date 2": [],
                "libobs.hide_scene_item.Teams App Gray - Dark Mode": [],
                "libobs.show_scene_item.Date 2": [],
                "libobs.show_scene_item.Teams App Gray - Dark Mode": []
            },
            "id": "group",
            "mixers": 0,
            "monitoring_type": 0,
            "muted": false,
            "name": "Group-Date",
            "prev_ver": 436273153,
            "private_settings": {},
            "push-to-mute": false,
            "push-to-mute-delay": 0,
            "push-to-talk": false,
            "push-to-talk-delay": 0,
            "settings": {
                "custom_size": true,
                "cx": 679,
                "cy": 120,
                "id_counter": 0,
                "items": [
                    {
                        "align": 5,
                        "bounds": {
                            "x": 0.0,
                            "y": 0.0
                        },
                        "bounds_align": 0,
                        "bounds_type": 0,
                        "crop_bottom": 15,
                        "crop_left": 0,
                        "crop_right": 0,
                        "crop_top": 0,
                        "group_item_backup": false,
                        "id": 8,
                        "locked": false,
                        "name": "Teams App Gray - Dark Mode",
                        "pos": {
                            "x": 13.99951171875,
                            "y": 0.0
                        },
                        "private_settings": {},
                        "rot": 0.0,
                        "scale": {
                            "x": 0.88666665554046631,
                            "y": 0.88372087478637695
                        },
                        "scale_filter": "disable",
                        "visible": true
                    },
                    {
                        "align": 5,
                        "bounds": {
                            "x": 0.0,
                            "y": 0.0
                        },
                        "bounds_align": 0,
                        "bounds_type": 0,
                        "crop_bottom": 0,
                        "crop_left": 0,
                        "crop_right": 0,
                        "crop_top": 0,
                        "group_item_backup": false,
                        "id": 4,
                        "locked": false,
                        "name": "Date 2",
                        "pos": {
                            "x": 0.0,
                            "y": 3.0517578125e-5
                        },
                        "private_settings": {},
                        "rot": 0.0,
                        "scale": {
                            "x": 1.6499999761581421,
                            "y": 1.6499999761581421
                        },
                        "scale_filter": "disable",
                        "visible": true
                    }
                ]
            },
            "sync": 0,
            "versioned_id": "group",
            "volume": 1.0
        }
    ],
    "modules": {
        "auto-scene-switcher": {
            "active": false,
            "interval": 300,
            "non_matching_scene": "",
            "switch_if_not_matching": false,
            "switches": []
        },
        "captions": {
            "enabled": false,
            "lang_id": 1033,
            "provider": "mssapi",
            "source": "Mic - Maono"
        },
        "decklink_captions": {
            "source": ""
        },
        "output-timer": {
            "autoStartRecordTimer": false,
            "autoStartStreamTimer": false,
            "pauseRecordTimer": true,
            "recordTimerHours": 0,
            "recordTimerMinutes": 0,
            "recordTimerSeconds": 30,
            "streamTimerHours": 0,
            "streamTimerMinutes": 0,
            "streamTimerSeconds": 30
        },
        "scripts-tool": [
            {
                "path": "C:/Program Files/obs-studio/data/obs-plugins/frontend-tools/scripts/instant-replay.lua",
                "settings": {
                    "instant_replay.clear_playlist": [],
                    "instant_replay.trigger": [
                        {
                            "key": "OBS_KEY_F13"
                        }
                    ],
                    "max_attempts": 5,
                    "source": "Instant Replay",
                    "vlc_replace": false
                }
            }
        ]
    },
    "name": "Teams Like A Boss",
    "preview_locked": false,
    "quick_transitions": [
        {
            "duration": 300,
            "fade_to_black": false,
            "hotkeys": [],
            "id": 1,
            "name": "Cut"
        },
        {
            "duration": 300,
            "fade_to_black": false,
            "hotkeys": [],
            "id": 2,
            "name": "Fade"
        },
        {
            "duration": 300,
            "fade_to_black": true,
            "hotkeys": [],
            "id": 3,
            "name": "Fade"
        }
    ],
    "saved_projectors": [],
    "scaling_enabled": false,
    "scaling_level": 0,
    "scaling_off_x": 0.0,
    "scaling_off_y": 0.0,
    "scene_order": [
        {
            "name": "------------CAMERAS-----------"
        },
        {
            "name": "00-ShowWebCameraOnly"
        },
        {
            "name": "------------OVERLAYS-----------"
        },
        {
            "name": "11-Overlay-CityDateTime"
        },
        {
            "name": "11-Overlay-NameTitle"
        },
        {
            "name": "------------MEETING-----------"
        },
        {
            "name": "22-Meet Like A Boss"
        },
        {
            "name": "22-Meet Like A Boss - Show Title"
        }
    ],
    "sources": [
        {
            "balance": 0.5,
            "deinterlace_field_order": 0,
            "deinterlace_mode": 0,
            "enabled": true,
            "flags": 0,
            "hotkeys": {},
            "id": "text_gdiplus",
            "mixers": 0,
            "monitoring_type": 0,
            "muted": false,
            "name": "Name",
            "prev_ver": 436273153,
            "private_settings": {},
            "push-to-mute": false,
            "push-to-mute-delay": 0,
            "push-to-talk": false,
            "push-to-talk-delay": 0,
            "settings": {
                "font": {
                    "face": "Segoe UI Semibold",
                    "flags": 1,
                    "size": 256,
                    "style": "Regular"
                },
                "text": "Denzil Fernandes"
            },
            "sync": 0,
            "versioned_id": "text_gdiplus_v2",
            "volume": 1.0
        },
        {
            "balance": 0.5,
            "deinterlace_field_order": 0,
            "deinterlace_mode": 0,
            "enabled": true,
            "flags": 0,
            "hotkeys": {},
            "id": "text_gdiplus",
            "mixers": 0,
            "monitoring_type": 0,
            "muted": false,
            "name": "Title",
            "prev_ver": 436273153,
            "private_settings": {},
            "push-to-mute": false,
            "push-to-mute-delay": 0,
            "push-to-talk": false,
            "push-to-talk-delay": 0,
            "settings": {
                "antialiasing": true,
                "font": {
                    "face": "Segoe UI Semilight",
                    "flags": 0,
                    "size": 256,
                    "style": "Regular"
                },
                "text": "Teams Technical Specialist"
            },
            "sync": 0,
            "versioned_id": "text_gdiplus_v2",
            "volume": 1.0
        },
        {
            "balance": 0.5,
            "deinterlace_field_order": 0,
            "deinterlace_mode": 0,
            "enabled": true,
            "flags": 0,
            "hotkeys": {
                "OBSBasic.SelectScene": [],
                "libobs.hide_scene_item.00-ShowWebCameraOnly": [],
                "libobs.hide_scene_item.11-Overlay-CityDateTime": [],
                "libobs.show_scene_item.00-ShowWebCameraOnly": [],
                "libobs.show_scene_item.11-Overlay-CityDateTime": []
            },
            "id": "scene",
            "mixers": 0,
            "monitoring_type": 0,
            "muted": false,
            "name": "22-Meet Like A Boss",
            "prev_ver": 436273153,
            "private_settings": {
                "transition": "Instant Replay"
            },
            "push-to-mute": false,
            "push-to-mute-delay": 0,
            "push-to-talk": false,
            "push-to-talk-delay": 0,
            "settings": {
                "custom_size": false,
                "id_counter": 13,
                "items": [
                    {
                        "align": 5,
                        "bounds": {
                            "x": 0.0,
                            "y": 0.0
                        },
                        "bounds_align": 0,
                        "bounds_type": 0,
                        "crop_bottom": 0,
                        "crop_left": 0,
                        "crop_right": 0,
                        "crop_top": 0,
                        "group_item_backup": false,
                        "id": 11,
                        "locked": false,
                        "name": "00-ShowWebCameraOnly",
                        "pos": {
                            "x": 0.0,
                            "y": 0.0
                        },
                        "private_settings": {},
                        "rot": 0.0,
                        "scale": {
                            "x": 1.0,
                            "y": 1.0
                        },
                        "scale_filter": "disable",
                        "visible": true
                    },
                    {
                        "align": 5,
                        "bounds": {
                            "x": 0.0,
                            "y": 0.0
                        },
                        "bounds_align": 0,
                        "bounds_type": 0,
                        "crop_bottom": 0,
                        "crop_left": 0,
                        "crop_right": 0,
                        "crop_top": 0,
                        "group_item_backup": false,
                        "id": 9,
                        "locked": false,
                        "name": "11-Overlay-CityDateTime",
                        "pos": {
                            "x": 0.0,
                            "y": 0.0
                        },
                        "private_settings": {},
                        "rot": 0.0,
                        "scale": {
                            "x": 1.0,
                            "y": 1.0
                        },
                        "scale_filter": "disable",
                        "visible": true
                    }
                ]
            },
            "sync": 0,
            "versioned_id": "scene",
            "volume": 1.0
        },
        {
            "balance": 0.5,
            "deinterlace_field_order": 0,
            "deinterlace_mode": 0,
            "enabled": true,
            "flags": 0,
            "hotkeys": {},
            "id": "image_source",
            "mixers": 0,
            "monitoring_type": 0,
            "muted": false,
            "name": "Microsoft.png",
            "prev_ver": 436273153,
            "private_settings": {},
            "push-to-mute": false,
            "push-to-mute-delay": 0,
            "push-to-talk": false,
            "push-to-talk-delay": 0,
            "settings": {
                "file": "C:/Users/dfernandes/OneDrive - Microsoft/OBS Scenes/Microsoft.png"
            },
            "sync": 0,
            "versioned_id": "image_source",
            "volume": 1.0
        },
        {
            "balance": 0.5,
            "deinterlace_field_order": 0,
            "deinterlace_mode": 0,
            "enabled": true,
            "filters": [
                {
                    "balance": 0.5,
                    "deinterlace_field_order": 0,
                    "deinterlace_mode": 0,
                    "enabled": true,
                    "flags": 0,
                    "hotkeys": {},
                    "id": "chroma_key_filter",
                    "mixers": 0,
                    "monitoring_type": 0,
                    "muted": false,
                    "name": "Chroma Key",
                    "prev_ver": 436273153,
                    "private_settings": {},
                    "push-to-mute": false,
                    "push-to-mute-delay": 0,
                    "push-to-talk": false,
                    "push-to-talk-delay": 0,
                    "settings": {
                        "brightness": -0.63,
                        "contrast": -1,
                        "gamma": -0.47999999999999998,
                        "opacity": 62
                    },
                    "sync": 0,
                    "versioned_id": "chroma_key_filter",
                    "volume": 1.0
                }
            ],
            "flags": 0,
            "hotkeys": {},
            "id": "color_source",
            "mixers": 0,
            "monitoring_type": 0,
            "muted": false,
            "name": "Teams App Gray - Dark Mode",
            "prev_ver": 436273153,
            "private_settings": {},
            "push-to-mute": false,
            "push-to-mute-delay": 0,
            "push-to-talk": false,
            "push-to-talk-delay": 0,
            "settings": {
                "color": 4282728512,
                "height": 150,
                "width": 750
            },
            "sync": 0,
            "versioned_id": "color_source_v3",
            "volume": 1.0
        },
        {
            "balance": 0.5,
            "deinterlace_field_order": 0,
            "deinterlace_mode": 0,
            "enabled": true,
            "flags": 0,
            "hotkeys": {},
            "id": "color_source",
            "mixers": 0,
            "monitoring_type": 0,
            "muted": false,
            "name": "Teams App Brand Background",
            "prev_ver": 436273153,
            "private_settings": {},
            "push-to-mute": false,
            "push-to-mute-delay": 0,
            "push-to-talk": false,
            "push-to-talk-delay": 0,
            "settings": {
                "color": 4289160290,
                "height": 150,
                "width": 1920
            },
            "sync": 0,
            "versioned_id": "color_source_v3",
            "volume": 1.0
        },
        {
            "balance": 0.5,
            "deinterlace_field_order": 0,
            "deinterlace_mode": 0,
            "enabled": true,
            "flags": 0,
            "hotkeys": {
                "libobs.mute": [],
                "libobs.push-to-mute": [],
                "libobs.push-to-talk": [],
                "libobs.unmute": []
            },
            "id": "dshow_input",
            "mixers": 255,
            "monitoring_type": 0,
            "muted": false,
            "name": "MyWebCamera",
            "prev_ver": 436273153,
            "private_settings": {},
            "push-to-mute": false,
            "push-to-mute-delay": 0,
            "push-to-talk": false,
            "push-to-talk-delay": 0,
            "settings": {
                "active": true,
                "last_resolution": "1920x1080",
                "last_video_device_id": "Surface Camera Front:\\\\?\\display#22int3480#224&231e9386&0&uid144512#22{65e8773d-8f56-11d0-a3b9-00a0c9223196}\\{bf89b5a5-61f7-4127-a279-e187013d7caf}",
                "res_type": 0,
                "resolution": "1920x1080",
                "video_device_id": "Surface Camera Front:\\\\?\\display#22int3480#224&231e9386&0&uid144512#22{65e8773d-8f56-11d0-a3b9-00a0c9223196}\\{bf89b5a5-61f7-4127-a279-e187013d7caf}"
            },
            "sync": 0,
            "versioned_id": "dshow_input",
            "volume": 1.0
        },
        {
            "balance": 0.5,
            "deinterlace_field_order": 0,
            "deinterlace_mode": 0,
            "enabled": true,
            "flags": 0,
            "hotkeys": {
                "OBSBasic.SelectScene": [],
                "libobs.hide_scene_item.Group-CityTime": [],
                "libobs.hide_scene_item.Group-Date": [],
                "libobs.hide_scene_item.Microsoft.png": [],
                "libobs.show_scene_item.Group-CityTime": [],
                "libobs.show_scene_item.Group-Date": [],
                "libobs.show_scene_item.Microsoft.png": []
            },
            "id": "scene",
            "mixers": 0,
            "monitoring_type": 0,
            "muted": false,
            "name": "11-Overlay-CityDateTime",
            "prev_ver": 436273153,
            "private_settings": {},
            "push-to-mute": false,
            "push-to-mute-delay": 0,
            "push-to-talk": false,
            "push-to-talk-delay": 0,
            "settings": {
                "custom_size": false,
                "id_counter": 10,
                "items": [
                    {
                        "align": 5,
                        "bounds": {
                            "x": 0.0,
                            "y": 0.0
                        },
                        "bounds_align": 0,
                        "bounds_type": 0,
                        "crop_bottom": 15,
                        "crop_left": 0,
                        "crop_right": 0,
                        "crop_top": 0,
                        "group_item_backup": true,
                        "id": 8,
                        "locked": false,
                        "name": "Teams App Gray - Dark Mode",
                        "pos": {
                            "x": 1605.8997802734375,
                            "y": 93.0
                        },
                        "private_settings": {},
                        "rot": 0.0,
                        "scale": {
                            "x": 0.36249017715454102,
                            "y": 0.36035221815109253
                        },
                        "scale_filter": "disable",
                        "visible": true
                    },
                    {
                        "align": 5,
                        "bounds": {
                            "x": 0.0,
                            "y": 0.0
                        },
                        "bounds_align": 0,
                        "bounds_type": 0,
                        "crop_bottom": 0,
                        "crop_left": 0,
                        "crop_right": 0,
                        "crop_top": 0,
                        "group_item_backup": true,
                        "id": 4,
                        "locked": false,
                        "name": "Date 2",
                        "pos": {
                            "x": 1600.1763916015625,
                            "y": 93.000015258789062
                        },
                        "private_settings": {},
                        "rot": 0.0,
                        "scale": {
                            "x": 0.67455881834030151,
                            "y": 0.67281556129455566
                        },
                        "scale_filter": "disable",
                        "visible": true
                    },
                    {
                        "align": 5,
                        "bounds": {
                            "x": 0.0,
                            "y": 0.0
                        },
                        "bounds_align": 0,
                        "bounds_type": 0,
                        "crop_bottom": 0,
                        "crop_left": 0,
                        "crop_right": 0,
                        "crop_top": 0,
                        "group_item_backup": false,
                        "id": 9,
                        "locked": false,
                        "name": "Group-Date",
                        "pos": {
                            "x": 1600.1763916015625,
                            "y": 93.0
                        },
                        "private_settings": {
                            "collapsed": false
                        },
                        "rot": 0.0,
                        "scale": {
                            "x": 0.40882351994514465,
                            "y": 0.40776699781417847
                        },
                        "scale_filter": "disable",
                        "visible": true
                    },
                    {
                        "align": 5,
                        "bounds": {
                            "x": 0.0,
                            "y": 0.0
                        },
                        "bounds_align": 0,
                        "bounds_type": 0,
                        "crop_bottom": 0,
                        "crop_left": 0,
                        "crop_right": 1563,
                        "crop_top": 0,
                        "group_item_backup": true,
                        "id": 3,
                        "locked": false,
                        "name": "Teams App Brand Background",
                        "pos": {
                            "x": 33.0,
                            "y": 909.0
                        },
                        "private_settings": {},
                        "rot": 0.0,
                        "scale": {
                            "x": 0.81486570835113525,
                            "y": 0.81464052200317383
                        },
                        "scale_filter": "disable",
                        "visible": true
                    },
                    {
                        "align": 5,
                        "bounds": {
                            "x": 0.0,
                            "y": 0.0
                        },
                        "bounds_align": 0,
                        "bounds_type": 0,
                        "crop_bottom": 0,
                        "crop_left": 0,
                        "crop_right": 0,
                        "crop_top": 0,
                        "group_item_backup": true,
                        "id": 2,
                        "locked": false,
                        "name": "Time 2",
                        "pos": {
                            "x": 45.843833923339844,
                            "y": 983.76470947265625
                        },
                        "private_settings": {},
                        "rot": 0.0,
                        "scale": {
                            "x": 0.80273973941802979,
                            "y": 0.80392158031463623
                        },
                        "scale_filter": "disable",
                        "visible": true
                    },
                    {
                        "align": 5,
                        "bounds": {
                            "x": 0.0,
                            "y": 0.0
                        },
                        "bounds_align": 0,
                        "bounds_type": 0,
                        "crop_bottom": 0,
                        "crop_left": 0,
                        "crop_right": 0,
                        "crop_top": 0,
                        "group_item_backup": true,
                        "id": 5,
                        "locked": false,
                        "name": "Location",
                        "pos": {
                            "x": 45.041091918945312,
                            "y": 909.0
                        },
                        "private_settings": {},
                        "rot": 0.0,
                        "scale": {
                            "x": 0.14177943766117096,
                            "y": 0.14213822782039642
                        },
                        "scale_filter": "disable",
                        "visible": true
                    },
                    {
                        "align": 5,
                        "bounds": {
                            "x": 0.0,
                            "y": 0.0
                        },
                        "bounds_align": 0,
                        "bounds_type": 0,
                        "crop_bottom": 0,
                        "crop_left": 0,
                        "crop_right": 0,
                        "crop_top": 0,
                        "group_item_backup": false,
                        "id": 6,
                        "locked": false,
                        "name": "Group-CityTime",
                        "pos": {
                            "x": 33.0,
                            "y": 909.0
                        },
                        "private_settings": {
                            "collapsed": false
                        },
                        "rot": 0.0,
                        "scale": {
                            "x": 0.80273973941802979,
                            "y": 0.80392158031463623
                        },
                        "scale_filter": "disable",
                        "visible": true
                    },
                    {
                        "align": 5,
                        "bounds": {
                            "x": 0.0,
                            "y": 0.0
                        },
                        "bounds_align": 0,
                        "bounds_type": 0,
                        "crop_bottom": 0,
                        "crop_left": 0,
                        "crop_right": 0,
                        "crop_top": 0,
                        "group_item_backup": false,
                        "id": 10,
                        "locked": false,
                        "name": "Microsoft.png",
                        "pos": {
                            "x": 0.0,
                            "y": 0.0
                        },
                        "private_settings": {},
                        "rot": 0.0,
                        "scale": {
                            "x": 0.37159091234207153,
                            "y": 0.37121212482452393
                        },
                        "scale_filter": "disable",
                        "visible": true
                    }
                ]
            },
            "sync": 0,
            "versioned_id": "scene",
            "volume": 1.0
        },
        {
            "balance": 0.5,
            "deinterlace_field_order": 0,
            "deinterlace_mode": 0,
            "enabled": true,
            "flags": 0,
            "hotkeys": {
                "libobs.mute": [],
                "libobs.push-to-mute": [],
                "libobs.push-to-talk": [],
                "libobs.unmute": []
            },
            "id": "browser_source",
            "mixers": 255,
            "monitoring_type": 0,
            "muted": false,
            "name": "Time 2",
            "prev_ver": 436273153,
            "private_settings": {},
            "push-to-mute": false,
            "push-to-mute-delay": 0,
            "push-to-talk": false,
            "push-to-talk-delay": 0,
            "settings": {
                "css": "body {text-align:center; background-color:black; color: white !Important}",
                "height": 60,
                "url": "https://cdn.rawgit.com/sam0737/a0ee8ca253fc5c84b2aa2ac018f7b8ad/raw/108196e17c2c9d79ff60ed3bf788973ab94da9af/clock.html?style=font-family:Google%20Sans,arial,sans-serif%20!important;%20color:5558af;%20display:%20inline-block;%20border-radius:%205px;%20padding:%202px%205px;background-color:%20white(0,0,0,0);font-weight:lighter%20!important;%20font-size:xx-large!important;&format=h:mm:ss%20A%20[ET]",
                "width": 349
            },
            "sync": 0,
            "versioned_id": "browser_source",
            "volume": 1.0
        },
        {
            "balance": 0.5,
            "deinterlace_field_order": 0,
            "deinterlace_mode": 0,
            "enabled": true,
            "flags": 0,
            "hotkeys": {
                "libobs.mute": [],
                "libobs.push-to-mute": [],
                "libobs.push-to-talk": [],
                "libobs.unmute": []
            },
            "id": "browser_source",
            "mixers": 255,
            "monitoring_type": 0,
            "muted": false,
            "name": "Date 2",
            "prev_ver": 436273153,
            "private_settings": {},
            "push-to-mute": false,
            "push-to-mute-delay": 0,
            "push-to-talk": false,
            "push-to-talk-delay": 0,
            "settings": {
                "css": "body { \n\ttext-align:center !important; \n\tfont: normal 50px Arial !important;font-weight:450 !important;\n\tcolor:black; background-color: white; \n\tborder-radius:5px; margin: 0px auto; \n\t#display:inline-block;\n\toverflow: hidden; \n\tpadding: 2px 5px;\n}",
                "height": 60,
                "url": "https://cdn.rawgit.com/sam0737/a0ee8ca253fc5c84b2aa2ac018f7b8ad/raw/108196e17c2c9d79ff60ed3bf788973ab94da9af/clock.html?&format=MMM%20DD,%20YYYY",
                "width": 400
            },
            "sync": 0,
            "versioned_id": "browser_source",
            "volume": 1.0
        },
        {
            "balance": 0.5,
            "deinterlace_field_order": 0,
            "deinterlace_mode": 0,
            "enabled": true,
            "flags": 0,
            "hotkeys": {},
            "id": "text_gdiplus",
            "mixers": 0,
            "monitoring_type": 0,
            "muted": false,
            "name": "Location",
            "prev_ver": 436273153,
            "private_settings": {},
            "push-to-mute": false,
            "push-to-mute-delay": 0,
            "push-to-talk": false,
            "push-to-talk-delay": 0,
            "settings": {
                "align": "center",
                "antialiasing": true,
                "bk_color": 4294967295,
                "bk_opacity": 100,
                "color": 4278190080,
                "font": {
                    "face": "Agency FB",
                    "flags": 1,
                    "size": 512,
                    "style": "Bold"
                },
                "text": "  TORONTO, ON  ",
                "valign": "center"
            },
            "sync": 0,
            "versioned_id": "text_gdiplus_v2",
            "volume": 1.0
        },
        {
            "balance": 0.5,
            "deinterlace_field_order": 0,
            "deinterlace_mode": 0,
            "enabled": true,
            "flags": 0,
            "hotkeys": {
                "OBSBasic.SelectScene": [],
                "libobs.hide_scene_item.MyWebCamera": [],
                "libobs.show_scene_item.MyWebCamera": []
            },
            "id": "scene",
            "mixers": 0,
            "monitoring_type": 0,
            "muted": false,
            "name": "00-ShowWebCameraOnly",
            "prev_ver": 436273153,
            "private_settings": {},
            "push-to-mute": false,
            "push-to-mute-delay": 0,
            "push-to-talk": false,
            "push-to-talk-delay": 0,
            "settings": {
                "custom_size": false,
                "id_counter": 4,
                "items": [
                    {
                        "align": 5,
                        "bounds": {
                            "x": 1920.0,
                            "y": 1080.0
                        },
                        "bounds_align": 0,
                        "bounds_type": 2,
                        "crop_bottom": 0,
                        "crop_left": 0,
                        "crop_right": 0,
                        "crop_top": 0,
                        "group_item_backup": false,
                        "id": 1,
                        "locked": false,
                        "name": "MyWebCamera",
                        "pos": {
                            "x": 0.0,
                            "y": 0.0
                        },
                        "private_settings": {},
                        "rot": 0.0,
                        "scale": {
                            "x": 1.0,
                            "y": 1.0
                        },
                        "scale_filter": "disable",
                        "visible": true
                    }
                ]
            },
            "sync": 0,
            "versioned_id": "scene",
            "volume": 1.0
        },
        {
            "balance": 0.5,
            "deinterlace_field_order": 0,
            "deinterlace_mode": 0,
            "enabled": true,
            "flags": 0,
            "hotkeys": {
                "OBSBasic.SelectScene": [],
                "libobs.hide_scene_item.Group-NameTitle": [],
                "libobs.show_scene_item.Group-NameTitle": []
            },
            "id": "scene",
            "mixers": 0,
            "monitoring_type": 0,
            "muted": false,
            "name": "11-Overlay-NameTitle",
            "prev_ver": 436273153,
            "private_settings": {},
            "push-to-mute": false,
            "push-to-mute-delay": 0,
            "push-to-talk": false,
            "push-to-talk-delay": 0,
            "settings": {
                "custom_size": false,
                "id_counter": 6,
                "items": [
                    {
                        "align": 5,
                        "bounds": {
                            "x": 0.0,
                            "y": 0.0
                        },
                        "bounds_align": 0,
                        "bounds_type": 0,
                        "crop_bottom": 21,
                        "crop_left": 0,
                        "crop_right": 240,
                        "crop_top": 0,
                        "group_item_backup": true,
                        "id": 3,
                        "locked": false,
                        "name": "Teams App Gray - Dark Mode",
                        "pos": {
                            "x": 584.0,
                            "y": 846.0
                        },
                        "private_settings": {},
                        "rot": 0.0,
                        "scale": {
                            "x": 1.5471146106719971,
                            "y": 1.5445075035095215
                        },
                        "scale_filter": "disable",
                        "visible": true
                    },
                    {
                        "align": 5,
                        "bounds": {
                            "x": 0.0,
                            "y": 0.0
                        },
                        "bounds_align": 0,
                        "bounds_type": 0,
                        "crop_bottom": 181,
                        "crop_left": 290,
                        "crop_right": 287,
                        "crop_top": 173,
                        "group_item_backup": true,
                        "id": 4,
                        "locked": false,
                        "name": "Microsoft.png",
                        "pos": {
                            "x": 618.42071533203125,
                            "y": 888.3636474609375
                        },
                        "private_settings": {},
                        "rot": 0.0,
                        "scale": {
                            "x": 0.47539079189300537,
                            "y": 0.47538736462593079
                        },
                        "scale_filter": "disable",
                        "visible": true
                    },
                    {
                        "align": 5,
                        "bounds": {
                            "x": 0.0,
                            "y": 0.0
                        },
                        "bounds_align": 0,
                        "bounds_type": 0,
                        "crop_bottom": 0,
                        "crop_left": 0,
                        "crop_right": 0,
                        "crop_top": 0,
                        "group_item_backup": true,
                        "id": 5,
                        "locked": false,
                        "name": "Title",
                        "pos": {
                            "x": 790.52423095703125,
                            "y": 969.11932373046875
                        },
                        "private_settings": {},
                        "rot": 0.0,
                        "scale": {
                            "x": 0.19151535630226135,
                            "y": 0.19133967161178589
                        },
                        "scale_filter": "disable",
                        "visible": true
                    },
                    {
                        "align": 5,
                        "bounds": {
                            "x": 0.0,
                            "y": 0.0
                        },
                        "bounds_align": 0,
                        "bounds_type": 0,
                        "crop_bottom": 0,
                        "crop_left": 0,
                        "crop_right": 0,
                        "crop_top": 0,
                        "group_item_backup": true,
                        "id": 6,
                        "locked": false,
                        "name": "Name",
                        "pos": {
                            "x": 782.58099365234375,
                            "y": 889.6875
                        },
                        "private_settings": {},
                        "rot": 0.0,
                        "scale": {
                            "x": 0.33597034215927124,
                            "y": 0.33613723516464233
                        },
                        "scale_filter": "disable",
                        "visible": true
                    },
                    {
                        "align": 5,
                        "bounds": {
                            "x": 0.0,
                            "y": 0.0
                        },
                        "bounds_align": 0,
                        "bounds_type": 0,
                        "crop_bottom": 0,
                        "crop_left": 0,
                        "crop_right": 0,
                        "crop_top": 24,
                        "group_item_backup": false,
                        "id": 1,
                        "locked": false,
                        "name": "Group-NameTitle",
                        "pos": {
                            "x": 584.0,
                            "y": 846.0
                        },
                        "private_settings": {},
                        "rot": 0.0,
                        "scale": {
                            "x": 1.3238731622695923,
                            "y": 1.3238636255264282
                        },
                        "scale_filter": "disable",
                        "visible": true
                    }
                ]
            },
            "sync": 0,
            "versioned_id": "scene",
            "volume": 1.0
        },
        {
            "balance": 0.5,
            "deinterlace_field_order": 0,
            "deinterlace_mode": 0,
            "enabled": true,
            "flags": 0,
            "hotkeys": {
                "OBSBasic.SelectScene": [],
                "libobs.hide_scene_item.00-ShowWebCameraOnly": [],
                "libobs.hide_scene_item.11-Overlay-NameTitle": [],
                "libobs.show_scene_item.00-ShowWebCameraOnly": [],
                "libobs.show_scene_item.11-Overlay-NameTitle": []
            },
            "id": "scene",
            "mixers": 0,
            "monitoring_type": 0,
            "muted": false,
            "name": "22-Meet Like A Boss - Show Title",
            "prev_ver": 436273153,
            "private_settings": {
                "transition": "Instant Replay"
            },
            "push-to-mute": false,
            "push-to-mute-delay": 0,
            "push-to-talk": false,
            "push-to-talk-delay": 0,
            "settings": {
                "custom_size": false,
                "id_counter": 10,
                "items": [
                    {
                        "align": 5,
                        "bounds": {
                            "x": 0.0,
                            "y": 0.0
                        },
                        "bounds_align": 0,
                        "bounds_type": 0,
                        "crop_bottom": 0,
                        "crop_left": 0,
                        "crop_right": 0,
                        "crop_top": 0,
                        "group_item_backup": false,
                        "id": 10,
                        "locked": false,
                        "name": "00-ShowWebCameraOnly",
                        "pos": {
                            "x": 0.0,
                            "y": 0.0
                        },
                        "private_settings": {},
                        "rot": 0.0,
                        "scale": {
                            "x": 1.0,
                            "y": 1.0
                        },
                        "scale_filter": "disable",
                        "visible": true
                    },
                    {
                        "align": 5,
                        "bounds": {
                            "x": 0.0,
                            "y": 0.0
                        },
                        "bounds_align": 0,
                        "bounds_type": 0,
                        "crop_bottom": 0,
                        "crop_left": 0,
                        "crop_right": 0,
                        "crop_top": 0,
                        "group_item_backup": false,
                        "id": 8,
                        "locked": false,
                        "name": "11-Overlay-NameTitle",
                        "pos": {
                            "x": 0.0,
                            "y": 0.0
                        },
                        "private_settings": {},
                        "rot": 0.0,
                        "scale": {
                            "x": 1.0,
                            "y": 1.0
                        },
                        "scale_filter": "disable",
                        "visible": true
                    }
                ]
            },
            "sync": 0,
            "versioned_id": "scene",
            "volume": 1.0
        },
        {
            "balance": 0.5,
            "deinterlace_field_order": 0,
            "deinterlace_mode": 0,
            "enabled": true,
            "flags": 0,
            "hotkeys": {
                "OBSBasic.SelectScene": []
            },
            "id": "scene",
            "mixers": 0,
            "monitoring_type": 0,
            "muted": false,
            "name": "------------CAMERAS-----------",
            "prev_ver": 436273153,
            "private_settings": {},
            "push-to-mute": false,
            "push-to-mute-delay": 0,
            "push-to-talk": false,
            "push-to-talk-delay": 0,
            "settings": {
                "custom_size": false,
                "id_counter": 0,
                "items": []
            },
            "sync": 0,
            "versioned_id": "scene",
            "volume": 1.0
        },
        {
            "balance": 0.5,
            "deinterlace_field_order": 0,
            "deinterlace_mode": 0,
            "enabled": true,
            "flags": 0,
            "hotkeys": {
                "OBSBasic.SelectScene": []
            },
            "id": "scene",
            "mixers": 0,
            "monitoring_type": 0,
            "muted": false,
            "name": "------------OVERLAYS-----------",
            "prev_ver": 436273153,
            "private_settings": {},
            "push-to-mute": false,
            "push-to-mute-delay": 0,
            "push-to-talk": false,
            "push-to-talk-delay": 0,
            "settings": {
                "custom_size": false,
                "id_counter": 0,
                "items": []
            },
            "sync": 0,
            "versioned_id": "scene",
            "volume": 1.0
        },
        {
            "balance": 0.5,
            "deinterlace_field_order": 0,
            "deinterlace_mode": 0,
            "enabled": true,
            "flags": 0,
            "hotkeys": {
                "OBSBasic.SelectScene": []
            },
            "id": "scene",
            "mixers": 0,
            "monitoring_type": 0,
            "muted": false,
            "name": "------------MEETING-----------",
            "prev_ver": 436273153,
            "private_settings": {},
            "push-to-mute": false,
            "push-to-mute-delay": 0,
            "push-to-talk": false,
            "push-to-talk-delay": 0,
            "settings": {
                "custom_size": false,
                "id_counter": 0,
                "items": []
            },
            "sync": 0,
            "versioned_id": "scene",
            "volume": 1.0
        }
    ],
    "transition_duration": 500,
    "transitions": [
        {
            "id": "obs_stinger_transition",
            "name": "M365Advisor-Gray",
            "settings": {
                "audio_fade_style": 0,
                "audio_monitoring": 2,
                "path": "C:/Users/denzi/OneDrive/Videos/Transitions/10 Free Stinger Transitions/Stinger Transitions/Tech Wipe/WEBM/With Sound/Tech Wipe (Gray).webm",
                "transition_point": 450
            }
        },
        {
            "id": "obs_stinger_transition",
            "name": "Glitch-Violet",
            "settings": {
                "audio_monitoring": 2,
                "path": "C:/Users/denzi/OneDrive/Videos/Transitions/Glitch Kinda Lft 2 R8/Violet.webm",
                "transition_point": 600
            }
        }
    ]
}