{"current_program_scene":"33-NDI-Teams-Producer-NDI-CheckAllSources","current_scene":"33-NDI-Teams-Producer-NDI-CheckAllSources","current_transition":"Fade","groups":[{"balance":0.5,"deinterlace_field_order":0,"deinterlace_mode":0,"enabled":true,"flags":0,"hotkeys":{"libobs.hide_scene_item.NDI-ActiveSpeaker":[],"libobs.hide_scene_item.Teams App Brand Background":[],"libobs.show_scene_item.NDI-ActiveSpeaker":[],"libobs.show_scene_item.Teams App Brand Background":[]},"id":"group","mixers":0,"monitoring_type":0,"muted":false,"name":"Group-ActiveSpeakerLabel","prev_ver":452984833,"private_settings":{},"push-to-mute":false,"push-to-mute-delay":0,"push-to-talk":false,"push-to-talk-delay":0,"settings":{"custom_size":true,"cx":553,"cy":109,"id_counter":0,"items":[{"align":5,"bounds":{"x":0.0,"y":0.0},"bounds_align":0,"bounds_type":0,"crop_bottom":0,"crop_left":0,"crop_right":1219,"crop_top":1,"group_item_backup":false,"hide_transition":{"duration":0},"id":6,"locked":true,"name":"Teams App Brand Background","pos":{"x":0.0,"y":0.0},"private_settings":{},"rot":0.0,"scale":{"x":0.72713178396224976,"y":0.72666668891906738},"scale_filter":"disable","show_transition":{"duration":0},"visible":true},{"align":5,"bounds":{"x":0.0,"y":0.0},"bounds_align":0,"bounds_type":0,"crop_bottom":0,"crop_left":0,"crop_right":0,"crop_top":0,"group_item_backup":false,"hide_transition":{"duration":0},"id":4,"locked":true,"name":"NDI-ActiveSpeaker","pos":{"x":9.80596923828125,"y":0.2733154296875},"private_settings":{},"rot":0.0,"scale":{"x":0.42167577147483826,"y":0.421875},"scale_filter":"disable","show_transition":{"duration":0},"visible":true}]},"sync":0,"versioned_id":"group","volume":1.0},{"balance":0.5,"deinterlace_field_order":0,"deinterlace_mode":0,"enabled":true,"flags":0,"hotkeys":{"libobs.hide_scene_item.NDI-Local":[],"libobs.hide_scene_item.Teams App Brand Background":[],"libobs.show_scene_item.NDI-Local":[],"libobs.show_scene_item.Teams App Brand Background":[]},"id":"group","mixers":0,"monitoring_type":0,"muted":false,"name":"Group-ProducerLabel","prev_ver":452984833,"private_settings":{},"push-to-mute":false,"push-to-mute-delay":0,"push-to-talk":false,"push-to-talk-delay":0,"settings":{"custom_size":true,"cx":378,"cy":109,"id_counter":0,"items":[{"align":5,"bounds":{"x":0.0,"y":0.0},"bounds_align":0,"bounds_type":0,"crop_bottom":0,"crop_left":0,"crop_right":1906,"crop_top":1,"group_item_backup":false,"hide_transition":{"duration":0},"id":5,"locked":true,"name":"Teams App Brand Background","pos":{"x":0.0,"y":0.2733154296875},"private_settings":{},"rot":0.0,"scale":{"x":0.72713178396224976,"y":0.72666668891906738},"scale_filter":"disable","show_transition":{"duration":0},"visible":true},{"align":5,"bounds":{"x":0.0,"y":0.0},"bounds_align":0,"bounds_type":0,"crop_bottom":0,"crop_left":0,"crop_right":0,"crop_top":0,"group_item_backup":false,"hide_transition":{"duration":0},"id":4,"locked":true,"name":"NDI-Local","pos":{"x":10.0,"y":0.0},"private_settings":{},"rot":0.0,"scale":{"x":0.42167577147483826,"y":0.421875},"scale_filter":"disable","show_transition":{"duration":0},"visible":true}]},"sync":0,"versioned_id":"group","volume":1.0},{"balance":0.5,"deinterlace_field_order":0,"deinterlace_mode":0,"enabled":true,"flags":0,"hotkeys":{"libobs.hide_scene_item.NDI-SharedScreen":[],"libobs.hide_scene_item.Teams App Brand Background":[],"libobs.show_scene_item.NDI-SharedScreen":[],"libobs.show_scene_item.Teams App Brand Background":[]},"id":"group","mixers":0,"monitoring_type":0,"muted":false,"name":"Group-SharedScreenLabel","prev_ver":452984833,"private_settings":{},"push-to-mute":false,"push-to-mute-delay":0,"push-to-talk":false,"push-to-talk-delay":0,"settings":{"custom_size":true,"cx":589,"cy":109,"id_counter":0,"items":[{"align":5,"bounds":{"x":0.0,"y":0.0},"bounds_align":0,"bounds_type":0,"crop_bottom":0,"crop_left":0,"crop_right":1906,"crop_top":1,"group_item_backup":false,"hide_transition":{"duration":0},"id":3,"locked":true,"name":"Teams App Brand Background","pos":{"x":0.0,"y":0.2733154296875},"private_settings":{},"rot":0.0,"scale":{"x":0.72713178396224976,"y":0.72666668891906738},"scale_filter":"disable","show_transition":{"duration":0},"visible":true},{"align":5,"bounds":{"x":0.0,"y":0.0},"bounds_align":0,"bounds_type":0,"crop_bottom":0,"crop_left":0,"crop_right":0,"crop_top":0,"group_item_backup":false,"hide_transition":{"duration":0},"id":6,"locked":true,"name":"NDI-SharedScreen","pos":{"x":10.0,"y":0.0},"private_settings":{},"rot":0.0,"scale":{"x":0.42167577147483826,"y":0.421875},"scale_filter":"disable","show_transition":{"duration":0},"visible":true}]},"sync":0,"versioned_id":"group","volume":1.0},{"balance":0.5,"deinterlace_field_order":0,"deinterlace_mode":0,"enabled":true,"flags":0,"hotkeys":{"libobs.hide_scene_item.NDI-Presenter1":[],"libobs.hide_scene_item.Teams App Brand Background":[],"libobs.show_scene_item.NDI-Presenter1":[],"libobs.show_scene_item.Teams App Brand Background":[]},"id":"group","mixers":0,"monitoring_type":0,"muted":false,"name":"Group-Presenter1Label","prev_ver":452984833,"private_settings":{},"push-to-mute":false,"push-to-mute-delay":0,"push-to-talk":false,"push-to-talk-delay":0,"settings":{"custom_size":true,"cx":438,"cy":109,"id_counter":0,"items":[{"align":5,"bounds":{"x":0.0,"y":0.0},"bounds_align":0,"bounds_type":0,"crop_bottom":0,"crop_left":0,"crop_right":1906,"crop_top":1,"group_item_backup":false,"hide_transition":{"duration":0},"id":6,"locked":true,"name":"Teams App Brand Background","pos":{"x":0.0,"y":0.2733154296875},"private_settings":{},"rot":0.0,"scale":{"x":0.72713178396224976,"y":0.72666668891906738},"scale_filter":"disable","show_transition":{"duration":0},"visible":true},{"align":5,"bounds":{"x":0.0,"y":0.0},"bounds_align":0,"bounds_type":0,"crop_bottom":0,"crop_left":0,"crop_right":0,"crop_top":0,"group_item_backup":false,"hide_transition":{"duration":0},"id":5,"locked":true,"name":"NDI-Presenter1","pos":{"x":10.0,"y":0.0},"private_settings":{},"rot":0.0,"scale":{"x":0.42167577147483826,"y":0.421875},"scale_filter":"disable","show_transition":{"duration":0},"visible":true}]},"sync":0,"versioned_id":"group","volume":1.0},{"balance":0.5,"deinterlace_field_order":0,"deinterlace_mode":0,"enabled":true,"flags":0,"hotkeys":{"libobs.hide_scene_item.NDI-Presenter2":[],"libobs.hide_scene_item.Teams App Brand Background":[],"libobs.show_scene_item.NDI-Presenter2":[],"libobs.show_scene_item.Teams App Brand Background":[]},"id":"group","mixers":0,"monitoring_type":0,"muted":false,"name":"Group-Presenter2Label","prev_ver":452984833,"private_settings":{},"push-to-mute":false,"push-to-mute-delay":0,"push-to-talk":false,"push-to-talk-delay":0,"settings":{"custom_size":true,"cx":453,"cy":109,"id_counter":0,"items":[{"align":5,"bounds":{"x":0.0,"y":0.0},"bounds_align":0,"bounds_type":0,"crop_bottom":0,"crop_left":0,"crop_right":1906,"crop_top":1,"group_item_backup":false,"hide_transition":{"duration":0},"id":3,"locked":true,"name":"Teams App Brand Background","pos":{"x":0.0,"y":0.2733154296875},"private_settings":{},"rot":0.0,"scale":{"x":0.72713178396224976,"y":0.72666668891906738},"scale_filter":"disable","show_transition":{"duration":0},"visible":true},{"align":5,"bounds":{"x":0.0,"y":0.0},"bounds_align":0,"bounds_type":0,"crop_bottom":0,"crop_left":0,"crop_right":0,"crop_top":0,"group_item_backup":false,"hide_transition":{"duration":0},"id":4,"locked":true,"name":"NDI-Presenter2","pos":{"x":10.0,"y":0.0},"private_settings":{},"rot":0.0,"scale":{"x":0.41871455311775208,"y":0.41796875},"scale_filter":"disable","show_transition":{"duration":0},"visible":true}]},"sync":0,"versioned_id":"group","volume":1.0},{"balance":0.5,"deinterlace_field_order":0,"deinterlace_mode":0,"enabled":true,"flags":0,"hotkeys":{"libobs.hide_scene_item.NDI-Presenter3":[],"libobs.hide_scene_item.Teams App Brand Background":[],"libobs.show_scene_item.NDI-Presenter3":[],"libobs.show_scene_item.Teams App Brand Background":[]},"id":"group","mixers":0,"monitoring_type":0,"muted":false,"name":"Group-Presenter3Label","prev_ver":452984833,"private_settings":{},"push-to-mute":false,"push-to-mute-delay":0,"push-to-talk":false,"push-to-talk-delay":0,"settings":{"custom_size":true,"cx":458,"cy":109,"id_counter":0,"items":[{"align":5,"bounds":{"x":0.0,"y":0.0},"bounds_align":0,"bounds_type":0,"crop_bottom":0,"crop_left":0,"crop_right":1906,"crop_top":1,"group_item_backup":false,"hide_transition":{"duration":0},"id":2,"locked":false,"name":"Teams App Brand Background","pos":{"x":0.0,"y":0.2733154296875},"private_settings":{},"rot":0.0,"scale":{"x":0.72713178396224976,"y":0.72666668891906738},"scale_filter":"disable","show_transition":{"duration":0},"visible":true},{"align":5,"bounds":{"x":0.0,"y":0.0},"bounds_align":0,"bounds_type":0,"crop_bottom":0,"crop_left":0,"crop_right":0,"crop_top":0,"group_item_backup":false,"hide_transition":{"duration":0},"id":4,"locked":true,"name":"NDI-Presenter3","pos":{"x":10.0,"y":0.0},"private_settings":{},"rot":0.0,"scale":{"x":0.42167577147483826,"y":0.421875},"scale_filter":"disable","show_transition":{"duration":0},"visible":true}]},"sync":0,"versioned_id":"group","volume":1.0}],"modules":{"auto-scene-switcher":{"active":false,"interval":300,"non_matching_scene":"","switch_if_not_matching":false,"switches":[]},"captions":{"enabled":false,"lang_id":1033,"provider":"mssapi","source":"Mic - Maono"},"decklink_captions":{"source":""},"output-timer":{"autoStartRecordTimer":false,"autoStartStreamTimer":false,"pauseRecordTimer":true,"recordTimerHours":0,"recordTimerMinutes":0,"recordTimerSeconds":30,"streamTimerHours":0,"streamTimerMinutes":0,"streamTimerSeconds":30},"scripts-tool":[{"path":"C:/Program Files/obs-studio/data/obs-plugins/frontend-tools/scripts/instant-replay.lua","settings":{"instant_replay.clear_playlist":[],"instant_replay.trigger":[{"key":"OBS_KEY_F13"}],"max_attempts":5,"source":"Instant Replay","vlc_replace":false}},{"path":"C:/Program Files/obs-studio/data/obs-plugins/frontend-tools/scripts/countdown.lua","settings":{"duration":1,"reset_hotkey":[],"source":"CountdownTimer-StartingSoonStream","stop_text":" "}}]},"name":"NDI-Teams","preview_locked":false,"quick_transitions":[{"duration":300,"fade_to_black":false,"hotkeys":[],"id":1,"name":"Cut"},{"duration":300,"fade_to_black":true,"hotkeys":[],"id":3,"name":"Fade"}],"saved_projectors":[],"scaling_enabled":false,"scaling_level":0,"scaling_off_x":0.0,"scaling_off_y":0.0,"scene_order":[{"name":"----------CAMERA----------"},{"name":"00-WEBCAM"},{"name":"----------NDI SOURCE----------"},{"name":"00-NDI-Teams-ActiveSpeaker"},{"name":"00-NDI-Teams-Local"},{"name":"00-NDI-Teams-Shared Screen"},{"name":"00-NDI-Teams-Presenter 1"},{"name":"00-NDI-Teams-Presenter 2"},{"name":"00-NDI-Teams-Presenter 3"},{"name":"----------OVERLAYS----------"},{"name":"11-Overlay-Background"},{"name":"----------PROGRAM----------"},{"name":"00-MAIN"},{"name":"-----------TEAMS NDI----------"},{"name":"33-NDI-Teams-Producer-NDI-CheckAllSources"},{"name":"33-NDI-Teams-Main-Host"},{"name":"33-NDI-Teams-Main-Host+Presenter1"},{"name":"33-NDI-Teams-Main-Host+Presenter1-Content"},{"name":"33-NDI-Teams-Main-Host+Presenter2"},{"name":"33-NDI-Teams-Main-Host+Presenter2-Content"},{"name":"33-NDI-Teams-Main-Host+Presenter3"},{"name":"33-NDI-Teams-Main-Host+Presenter3-Content"},{"name":"33-NDI-Teams-Main-Host+Presenter1+2"},{"name":"33-NDI-Teams-Main-Host+Presenter1+2+3"},{"name":"33-NDI-Teams-Main-SharedScreen"},{"name":"33-NDI-Teams-Main-Presenter1+2"}],"sources":[{"balance":0.5,"deinterlace_field_order":0,"deinterlace_mode":0,"enabled":true,"flags":0,"hotkeys":{"OBSBasic.SelectScene":[],"libobs.hide_scene_item.00-NDI-Teams-Presenter 1":[],"libobs.hide_scene_item.00-NDI-Teams-Presenter 2":[],"libobs.hide_scene_item.11-Overlay-Background":[],"libobs.show_scene_item.00-NDI-Teams-Presenter 1":[],"libobs.show_scene_item.00-NDI-Teams-Presenter 2":[],"libobs.show_scene_item.11-Overlay-Background":[]},"id":"scene","mixers":0,"monitoring_type":0,"muted":false,"name":"33-NDI-Teams-Main-Presenter1+2","prev_ver":452984833,"private_settings":{},"push-to-mute":false,"push-to-mute-delay":0,"push-to-talk":false,"push-to-talk-delay":0,"settings":{"custom_size":false,"id_counter":4,"items":[{"align":5,"bounds":{"x":0.0,"y":0.0},"bounds_align":0,"bounds_type":0,"crop_bottom":0,"crop_left":0,"crop_right":0,"crop_top":0,"group_item_backup":false,"hide_transition":{"duration":0},"id":1,"locked":true,"name":"11-Overlay-Background","pos":{"x":0.0,"y":0.0},"private_settings":{},"rot":0.0,"scale":{"x":1.0,"y":1.0},"scale_filter":"disable","show_transition":{"duration":0},"visible":true},{"align":5,"bounds":{"x":0.0,"y":0.0},"bounds_align":0,"bounds_type":0,"crop_bottom":0,"crop_left":0,"crop_right":0,"crop_top":0,"group_item_backup":false,"hide_transition":{"duration":0},"id":2,"locked":true,"name":"00-NDI-Teams-Presenter 1","pos":{"x":15.0,"y":266.0},"private_settings":{},"rot":0.0,"scale":{"x":0.4869791567325592,"y":0.48703703284263611},"scale_filter":"disable","show_transition":{"duration":0},"visible":true},{"align":5,"bounds":{"x":0.0,"y":0.0},"bounds_align":0,"bounds_type":0,"crop_bottom":0,"crop_left":0,"crop_right":0,"crop_top":0,"group_item_backup":false,"hide_transition":{"duration":0},"id":4,"locked":false,"name":"00-NDI-Teams-Presenter 2","pos":{"x":968.0,"y":266.0},"private_settings":{},"rot":0.0,"scale":{"x":0.4869791567325592,"y":0.48703703284263611},"scale_filter":"disable","show_transition":{"duration":0},"visible":true}]},"sync":0,"versioned_id":"scene","volume":1.0},{"balance":0.5,"deinterlace_field_order":0,"deinterlace_mode":0,"enabled":true,"flags":0,"hotkeys":{"OBSBasic.SelectScene":[],"libobs.hide_scene_item.00-NDI-Teams-Local":[],"libobs.hide_scene_item.00-NDI-Teams-Presenter 3":[],"libobs.hide_scene_item.00-NDI-Teams-Shared Screen":[],"libobs.hide_scene_item.11-Overlay-Background":[],"libobs.show_scene_item.00-NDI-Teams-Local":[],"libobs.show_scene_item.00-NDI-Teams-Presenter 3":[],"libobs.show_scene_item.00-NDI-Teams-Shared Screen":[],"libobs.show_scene_item.11-Overlay-Background":[]},"id":"scene","mixers":0,"monitoring_type":0,"muted":false,"name":"33-NDI-Teams-Main-Host+Presenter3-Content","prev_ver":452984833,"private_settings":{},"push-to-mute":false,"push-to-mute-delay":0,"push-to-talk":false,"push-to-talk-delay":0,"settings":{"custom_size":false,"id_counter":6,"items":[{"align":5,"bounds":{"x":0.0,"y":0.0},"bounds_align":0,"bounds_type":0,"crop_bottom":0,"crop_left":0,"crop_right":0,"crop_top":0,"group_item_backup":false,"hide_transition":{"duration":0},"id":1,"locked":true,"name":"11-Overlay-Background","pos":{"x":0.0,"y":0.0},"private_settings":{},"rot":0.0,"scale":{"x":1.0,"y":1.0},"scale_filter":"disable","show_transition":{"duration":0},"visible":true},{"align":5,"bounds":{"x":1.0,"y":1.0},"bounds_align":0,"bounds_type":0,"crop_bottom":0,"crop_left":368,"crop_right":351,"crop_top":0,"group_item_backup":false,"hide_transition":{"duration":0},"id":6,"locked":true,"name":"00-NDI-Teams-Presenter 3","pos":{"x":1323.8974609375,"y":540.0},"private_settings":{},"rot":0.0,"scale":{"x":0.49633848667144775,"y":0.5},"scale_filter":"disable","show_transition":{"duration":0},"visible":true},{"align":5,"bounds":{"x":1.0,"y":1.0},"bounds_align":0,"bounds_type":0,"crop_bottom":0,"crop_left":350,"crop_right":342,"crop_top":0,"group_item_backup":false,"hide_transition":{"duration":0},"id":3,"locked":true,"name":"00-NDI-Teams-Local","pos":{"x":1325.0,"y":0.0},"private_settings":{},"rot":0.0,"scale":{"x":0.48452770709991455,"y":0.5},"scale_filter":"disable","show_transition":{"duration":0},"visible":true},{"align":5,"bounds":{"x":0.0,"y":0.0},"bounds_align":0,"bounds_type":0,"crop_bottom":0,"crop_left":0,"crop_right":0,"crop_top":0,"group_item_backup":false,"hide_transition":{"duration":0},"id":4,"locked":true,"name":"00-NDI-Teams-Shared Screen","pos":{"x":37.0,"y":154.0},"private_settings":{},"rot":0.0,"scale":{"x":0.69427084922790527,"y":0.69444441795349121},"scale_filter":"disable","show_transition":{"duration":0},"visible":true}]},"sync":0,"versioned_id":"scene","volume":1.0},{"balance":0.5,"deinterlace_field_order":0,"deinterlace_mode":0,"enabled":true,"flags":0,"hotkeys":{"OBSBasic.SelectScene":[],"libobs.hide_scene_item.00-NDI-Teams-Local":[],"libobs.hide_scene_item.00-NDI-Teams-Presenter 2":[],"libobs.hide_scene_item.00-NDI-Teams-Shared Screen":[],"libobs.hide_scene_item.11-Overlay-Background":[],"libobs.show_scene_item.00-NDI-Teams-Local":[],"libobs.show_scene_item.00-NDI-Teams-Presenter 2":[],"libobs.show_scene_item.00-NDI-Teams-Shared Screen":[],"libobs.show_scene_item.11-Overlay-Background":[]},"id":"scene","mixers":0,"monitoring_type":0,"muted":false,"name":"33-NDI-Teams-Main-Host+Presenter2-Content","prev_ver":452984833,"private_settings":{},"push-to-mute":false,"push-to-mute-delay":0,"push-to-talk":false,"push-to-talk-delay":0,"settings":{"custom_size":false,"id_counter":6,"items":[{"align":5,"bounds":{"x":0.0,"y":0.0},"bounds_align":0,"bounds_type":0,"crop_bottom":0,"crop_left":0,"crop_right":0,"crop_top":0,"group_item_backup":false,"hide_transition":{"duration":0},"id":1,"locked":true,"name":"11-Overlay-Background","pos":{"x":0.0,"y":0.0},"private_settings":{},"rot":0.0,"scale":{"x":1.0,"y":1.0},"scale_filter":"disable","show_transition":{"duration":0},"visible":true},{"align":5,"bounds":{"x":1.0,"y":1.0},"bounds_align":0,"bounds_type":0,"crop_bottom":0,"crop_left":368,"crop_right":351,"crop_top":0,"group_item_backup":false,"hide_transition":{"duration":0},"id":6,"locked":true,"name":"00-NDI-Teams-Presenter 2","pos":{"x":1323.8974609375,"y":540.0},"private_settings":{},"rot":0.0,"scale":{"x":0.49633848667144775,"y":0.5},"scale_filter":"disable","show_transition":{"duration":0},"visible":true},{"align":5,"bounds":{"x":1.0,"y":1.0},"bounds_align":0,"bounds_type":0,"crop_bottom":0,"crop_left":350,"crop_right":342,"crop_top":0,"group_item_backup":false,"hide_transition":{"duration":0},"id":3,"locked":true,"name":"00-NDI-Teams-Local","pos":{"x":1325.0,"y":0.0},"private_settings":{},"rot":0.0,"scale":{"x":0.48452770709991455,"y":0.5},"scale_filter":"disable","show_transition":{"duration":0},"visible":true},{"align":5,"bounds":{"x":0.0,"y":0.0},"bounds_align":0,"bounds_type":0,"crop_bottom":0,"crop_left":0,"crop_right":0,"crop_top":0,"group_item_backup":false,"hide_transition":{"duration":0},"id":4,"locked":true,"name":"00-NDI-Teams-Shared Screen","pos":{"x":37.0,"y":154.0},"private_settings":{},"rot":0.0,"scale":{"x":0.69427084922790527,"y":0.69444441795349121},"scale_filter":"disable","show_transition":{"duration":0},"visible":true}]},"sync":0,"versioned_id":"scene","volume":1.0},{"balance":0.5,"deinterlace_field_order":0,"deinterlace_mode":0,"enabled":true,"flags":0,"hotkeys":{"OBSBasic.SelectScene":[],"libobs.hide_scene_item.00-NDI-Teams-Shared Screen":[],"libobs.hide_scene_item.11-Overlay-Background":[],"libobs.show_scene_item.00-NDI-Teams-Shared Screen":[],"libobs.show_scene_item.11-Overlay-Background":[]},"id":"scene","mixers":0,"monitoring_type":0,"muted":false,"name":"33-NDI-Teams-Main-SharedScreen","prev_ver":452984833,"private_settings":{},"push-to-mute":false,"push-to-mute-delay":0,"push-to-talk":false,"push-to-talk-delay":0,"settings":{"custom_size":false,"id_counter":6,"items":[{"align":5,"bounds":{"x":0.0,"y":0.0},"bounds_align":0,"bounds_type":0,"crop_bottom":0,"crop_left":0,"crop_right":0,"crop_top":0,"group_item_backup":false,"hide_transition":{"duration":0},"id":6,"locked":false,"name":"11-Overlay-Background","pos":{"x":0.0,"y":0.0},"private_settings":{},"rot":0.0,"scale":{"x":1.0,"y":1.0},"scale_filter":"disable","show_transition":{"duration":0},"visible":true},{"align":5,"bounds":{"x":0.0,"y":0.0},"bounds_align":0,"bounds_type":0,"crop_bottom":0,"crop_left":0,"crop_right":0,"crop_top":0,"group_item_backup":false,"hide_transition":{"duration":0},"id":4,"locked":false,"name":"00-NDI-Teams-Shared Screen","pos":{"x":290.5,"y":167.0},"private_settings":{},"rot":0.0,"scale":{"x":0.69739586114883423,"y":0.69722223281860352},"scale_filter":"disable","show_transition":{"duration":0},"visible":true}]},"sync":0,"versioned_id":"scene","volume":1.0},{"balance":0.5,"deinterlace_field_order":0,"deinterlace_mode":0,"enabled":true,"flags":0,"hotkeys":{"OBSBasic.SelectScene":[],"libobs.hide_scene_item.00-NDI-Teams-Local":[],"libobs.hide_scene_item.11-Overlay-Background":[],"libobs.show_scene_item.00-NDI-Teams-Local":[],"libobs.show_scene_item.11-Overlay-Background":[]},"id":"scene","mixers":0,"monitoring_type":0,"muted":false,"name":"33-NDI-Teams-Main-Host","prev_ver":452984833,"private_settings":{},"push-to-mute":false,"push-to-mute-delay":0,"push-to-talk":false,"push-to-talk-delay":0,"settings":{"custom_size":false,"id_counter":5,"items":[{"align":5,"bounds":{"x":0.0,"y":0.0},"bounds_align":0,"bounds_type":0,"crop_bottom":0,"crop_left":0,"crop_right":0,"crop_top":0,"group_item_backup":false,"hide_transition":{"duration":0},"id":5,"locked":true,"name":"11-Overlay-Background","pos":{"x":0.0,"y":0.0},"private_settings":{},"rot":0.0,"scale":{"x":1.0,"y":1.0},"scale_filter":"disable","show_transition":{"duration":0},"visible":true},{"align":5,"bounds":{"x":0.0,"y":0.0},"bounds_align":0,"bounds_type":0,"crop_bottom":0,"crop_left":0,"crop_right":0,"crop_top":0,"group_item_backup":false,"hide_transition":{"duration":0},"id":3,"locked":true,"name":"00-NDI-Teams-Local","pos":{"x":290.5,"y":167.0},"private_settings":{},"rot":0.0,"scale":{"x":0.69739586114883423,"y":0.69722223281860352},"scale_filter":"disable","show_transition":{"duration":0},"visible":true}]},"sync":0,"versioned_id":"scene","volume":1.0},{"balance":0.5,"deinterlace_field_order":0,"deinterlace_mode":0,"enabled":true,"flags":0,"hotkeys":{"OBSBasic.SelectScene":[],"libobs.hide_scene_item.00-NDI-Teams-Local":[],"libobs.hide_scene_item.00-NDI-Teams-Presenter 1":[],"libobs.hide_scene_item.00-NDI-Teams-Shared Screen":[],"libobs.hide_scene_item.11-Overlay-Background":[],"libobs.show_scene_item.00-NDI-Teams-Local":[],"libobs.show_scene_item.00-NDI-Teams-Presenter 1":[],"libobs.show_scene_item.00-NDI-Teams-Shared Screen":[],"libobs.show_scene_item.11-Overlay-Background":[]},"id":"scene","mixers":0,"monitoring_type":0,"muted":false,"name":"33-NDI-Teams-Main-Host+Presenter1-Content","prev_ver":452984833,"private_settings":{},"push-to-mute":false,"push-to-mute-delay":0,"push-to-talk":false,"push-to-talk-delay":0,"settings":{"custom_size":false,"id_counter":6,"items":[{"align":5,"bounds":{"x":0.0,"y":0.0},"bounds_align":0,"bounds_type":0,"crop_bottom":0,"crop_left":0,"crop_right":0,"crop_top":0,"group_item_backup":false,"hide_transition":{"duration":0},"id":6,"locked":true,"name":"11-Overlay-Background","pos":{"x":0.0,"y":0.0},"private_settings":{},"rot":0.0,"scale":{"x":1.0,"y":1.0},"scale_filter":"disable","show_transition":{"duration":0},"visible":true},{"align":5,"bounds":{"x":1.0,"y":1.0},"bounds_align":0,"bounds_type":0,"crop_bottom":0,"crop_left":368,"crop_right":351,"crop_top":0,"group_item_backup":false,"hide_transition":{"duration":0},"id":2,"locked":true,"name":"00-NDI-Teams-Presenter 1","pos":{"x":1323.8974609375,"y":540.0},"private_settings":{},"rot":0.0,"scale":{"x":0.49633848667144775,"y":0.5},"scale_filter":"disable","show_transition":{"duration":0},"visible":true},{"align":5,"bounds":{"x":1.0,"y":1.0},"bounds_align":0,"bounds_type":0,"crop_bottom":0,"crop_left":350,"crop_right":342,"crop_top":0,"group_item_backup":false,"hide_transition":{"duration":0},"id":3,"locked":true,"name":"00-NDI-Teams-Local","pos":{"x":1325.0,"y":0.0},"private_settings":{},"rot":0.0,"scale":{"x":0.48452770709991455,"y":0.5},"scale_filter":"disable","show_transition":{"duration":0},"visible":true},{"align":5,"bounds":{"x":0.0,"y":0.0},"bounds_align":0,"bounds_type":0,"crop_bottom":0,"crop_left":0,"crop_right":0,"crop_top":0,"group_item_backup":false,"hide_transition":{"duration":0},"id":5,"locked":true,"name":"00-NDI-Teams-Shared Screen","pos":{"x":37.0,"y":154.0},"private_settings":{},"rot":0.0,"scale":{"x":0.69427084922790527,"y":0.69444441795349121},"scale_filter":"disable","show_transition":{"duration":0},"visible":true}]},"sync":0,"versioned_id":"scene","volume":1.0},{"balance":0.5,"deinterlace_field_order":0,"deinterlace_mode":0,"enabled":true,"flags":0,"hotkeys":{"OBSBasic.SelectScene":[]},"id":"scene","mixers":0,"monitoring_type":0,"muted":false,"name":"----------NDI SOURCE----------","prev_ver":452984833,"private_settings":{},"push-to-mute":false,"push-to-mute-delay":0,"push-to-talk":false,"push-to-talk-delay":0,"settings":{"custom_size":false,"id_counter":0,"items":[]},"sync":0,"versioned_id":"scene","volume":1.0},{"balance":0.5,"deinterlace_field_order":0,"deinterlace_mode":0,"enabled":true,"flags":0,"hotkeys":{"OBSBasic.SelectScene":[]},"id":"scene","mixers":0,"monitoring_type":0,"muted":false,"name":"----------OVERLAYS----------","prev_ver":452984833,"private_settings":{},"push-to-mute":false,"push-to-mute-delay":0,"push-to-talk":false,"push-to-talk-delay":0,"settings":{"custom_size":false,"id_counter":0,"items":[]},"sync":0,"versioned_id":"scene","volume":1.0},{"balance":0.5,"deinterlace_field_order":0,"deinterlace_mode":0,"enabled":true,"flags":0,"hotkeys":{"OBSBasic.SelectScene":[]},"id":"scene","mixers":0,"monitoring_type":0,"muted":false,"name":"----------CAMERA----------","prev_ver":452984833,"private_settings":{},"push-to-mute":false,"push-to-mute-delay":0,"push-to-talk":false,"push-to-talk-delay":0,"settings":{"custom_size":false,"id_counter":0,"items":[]},"sync":0,"versioned_id":"scene","volume":1.0},{"balance":0.5,"deinterlace_field_order":0,"deinterlace_mode":0,"enabled":true,"flags":0,"hotkeys":{"OBSBasic.SelectScene":[],"libobs.hide_scene_item.00-WEBCAM":[],"libobs.show_scene_item.00-WEBCAM":[]},"id":"scene","mixers":0,"monitoring_type":0,"muted":false,"name":"00-MAIN","prev_ver":452984833,"private_settings":{},"push-to-mute":false,"push-to-mute-delay":0,"push-to-talk":false,"push-to-talk-delay":0,"settings":{"custom_size":false,"id_counter":29,"items":[{"align":5,"bounds":{"x":0.0,"y":0.0},"bounds_align":0,"bounds_type":0,"crop_bottom":0,"crop_left":0,"crop_right":0,"crop_top":0,"group_item_backup":false,"hide_transition":{"duration":0},"id":15,"locked":true,"name":"00-WEBCAM","pos":{"x":0.0,"y":0.0},"private_settings":{},"rot":0.0,"scale":{"x":1.0,"y":1.0},"scale_filter":"disable","show_transition":{"duration":0},"visible":true}]},"sync":0,"versioned_id":"scene","volume":1.0},{"balance":0.5,"deinterlace_field_order":0,"deinterlace_mode":0,"enabled":true,"flags":0,"hotkeys":{"libobs.mute":[],"libobs.push-to-mute":[],"libobs.push-to-talk":[],"libobs.unmute":[]},"id":"ndi_source","mixers":255,"monitoring_type":0,"muted":false,"name":"MyComputer NDI - (MS Teams - Active Speaker)","prev_ver":452984833,"private_settings":{},"push-to-mute":false,"push-to-mute-delay":0,"push-to-talk":false,"push-to-talk-delay":0,"settings":{"latency":0,"ndi_bw_mode":0,"ndi_fix_alpha_blending":false,"ndi_source_name":"LEGIONT5 (MS Teams - Active Speaker)","ndi_sync":2,"yuv_colorspace":2,"yuv_range":1},"sync":0,"versioned_id":"ndi_source","volume":1.0},{"balance":0.5,"deinterlace_field_order":0,"deinterlace_mode":0,"enabled":true,"flags":0,"hotkeys":{"libobs.mute":[],"libobs.push-to-mute":[],"libobs.push-to-talk":[],"libobs.unmute":[]},"id":"dshow_input","mixers":255,"monitoring_type":0,"muted":true,"name":"ReplaceWithWebcamModelName","prev_ver":452984833,"private_settings":{},"push-to-mute":false,"push-to-mute-delay":0,"push-to-talk":false,"push-to-talk-delay":0,"settings":{"active":true,"audio_device_id":"VoiceMeeter Output (VB-Audio VoiceMeeter VAIO):","audio_output_mode":0,"autorotation":true,"color_range":"default","color_space":"default","deactivate_when_not_showing":false,"frame_interval":166833,"last_resolution":"1920x1080","last_video_device_id":"Camera (NVIDIA Broadcast):","res_type":1,"resolution":"1920x1080","use_custom_audio_device":false,"video_device_id":"Camera (NVIDIA Broadcast):","video_format":0},"sync":0,"versioned_id":"dshow_input","volume":1.0},{"balance":0.5,"deinterlace_field_order":0,"deinterlace_mode":0,"enabled":true,"flags":0,"hotkeys":{},"id":"shader_filter","mixers":0,"monitoring_type":0,"muted":false,"name":"User-defined shader","prev_ver":452984833,"private_settings":{},"push-to-mute":false,"push-to-mute-delay":0,"push-to-talk":false,"push-to-talk-delay":0,"settings":{"expand_bottom":5,"expand_left":5,"expand_right":5,"expand_top":5,"from_file":true,"override_entire_effect":false,"shader_file_name":"C:/Program Files/obs-studio/data/obs-plugins/obs-shaderfilter/examples/drop_shadow.shader","shadow_color":4278190080},"sync":0,"versioned_id":"shader_filter","volume":1.0},{"balance":0.5,"deinterlace_field_order":0,"deinterlace_mode":0,"enabled":true,"filters":[{"balance":0.5,"deinterlace_field_order":0,"deinterlace_mode":0,"enabled":true,"flags":0,"hotkeys":{},"id":"shader_filter","mixers":0,"monitoring_type":0,"muted":false,"name":"User-defined shader","prev_ver":452984833,"private_settings":{},"push-to-mute":false,"push-to-mute-delay":0,"push-to-talk":false,"push-to-talk-delay":0,"settings":{"expand_bottom":5,"expand_left":5,"expand_right":5,"expand_top":5,"from_file":true,"override_entire_effect":false,"shader_file_name":"C:/Program Files/obs-studio/data/obs-plugins/obs-shaderfilter/examples/drop_shadow.shader","shadow_color":4278190080},"sync":0,"versioned_id":"shader_filter","volume":1.0}],"flags":0,"hotkeys":{},"id":"color_source","mixers":0,"monitoring_type":0,"muted":false,"name":"White Background","prev_ver":452984833,"private_settings":{},"push-to-mute":false,"push-to-mute-delay":0,"push-to-talk":false,"push-to-talk-delay":0,"settings":{},"sync":0,"versioned_id":"color_source_v3","volume":1.0},{"balance":0.5,"deinterlace_field_order":0,"deinterlace_mode":0,"enabled":true,"flags":0,"hotkeys":{},"id":"color_source","mixers":0,"monitoring_type":0,"muted":false,"name":"Teams App Brand Background","prev_ver":452984833,"private_settings":{},"push-to-mute":false,"push-to-mute-delay":0,"push-to-talk":false,"push-to-talk-delay":0,"settings":{"color":4289160290,"height":150,"width":1920},"sync":0,"versioned_id":"color_source_v3","volume":1.0},{"balance":0.5,"deinterlace_field_order":0,"deinterlace_mode":0,"enabled":true,"flags":0,"hotkeys":{"OBSBasic.SelectScene":[],"libobs.hide_scene_item.ReplaceWithWebcamModelName":[],"libobs.show_scene_item.ReplaceWithWebcamModelName":[]},"id":"scene","mixers":0,"monitoring_type":0,"muted":false,"name":"00-WEBCAM","prev_ver":452984833,"private_settings":{},"push-to-mute":false,"push-to-mute-delay":0,"push-to-talk":false,"push-to-talk-delay":0,"settings":{"custom_size":false,"id_counter":1,"items":[{"align":5,"bounds":{"x":0.0,"y":0.0},"bounds_align":0,"bounds_type":0,"crop_bottom":0,"crop_left":0,"crop_right":0,"crop_top":0,"group_item_backup":false,"hide_transition":{"duration":0},"id":1,"locked":true,"name":"ReplaceWithWebcamModelName","pos":{"x":0.0,"y":0.0},"private_settings":{},"rot":0.0,"scale":{"x":1.0,"y":1.0},"scale_filter":"disable","show_transition":{"duration":0},"visible":true}]},"sync":0,"versioned_id":"scene","volume":1.0},{"balance":0.5,"deinterlace_field_order":0,"deinterlace_mode":0,"enabled":true,"flags":0,"hotkeys":{"OBSBasic.SelectScene":[]},"id":"scene","mixers":0,"monitoring_type":0,"muted":false,"name":"----------PROGRAM----------","prev_ver":452984833,"private_settings":{},"push-to-mute":false,"push-to-mute-delay":0,"push-to-talk":false,"push-to-talk-delay":0,"settings":{"custom_size":false,"id_counter":0,"items":[]},"sync":0,"versioned_id":"scene","volume":1.0},{"balance":0.5,"deinterlace_field_order":0,"deinterlace_mode":0,"enabled":true,"flags":0,"hotkeys":{"OBSBasic.SelectScene":[],"libobs.hide_scene_item.Group-ActiveSpeakerLabel":[],"libobs.hide_scene_item.MyComputer NDI - (MS Teams - Active Speaker)":[],"libobs.hide_scene_item.White Background":[],"libobs.show_scene_item.Group-ActiveSpeakerLabel":[],"libobs.show_scene_item.MyComputer NDI - (MS Teams - Active Speaker)":[],"libobs.show_scene_item.White Background":[]},"id":"scene","mixers":0,"monitoring_type":0,"muted":false,"name":"00-NDI-Teams-ActiveSpeaker","prev_ver":452984833,"private_settings":{},"push-to-mute":false,"push-to-mute-delay":0,"push-to-talk":false,"push-to-talk-delay":0,"settings":{"custom_size":false,"id_counter":8,"items":[{"align":5,"bounds":{"x":1920.0,"y":1080.0},"bounds_align":0,"bounds_type":2,"crop_bottom":0,"crop_left":0,"crop_right":0,"crop_top":0,"group_item_backup":false,"hide_transition":{"duration":0},"id":7,"locked":true,"name":"White Background","pos":{"x":0.0,"y":0.0},"private_settings":{},"rot":0.0,"scale":{"x":1.0,"y":1.0},"scale_filter":"disable","show_transition":{"duration":0},"visible":true},{"align":5,"bounds":{"x":1884.0,"y":1052.0},"bounds_align":0,"bounds_type":5,"crop_bottom":0,"crop_left":0,"crop_right":0,"crop_top":0,"group_item_backup":false,"hide_transition":{"duration":0},"id":1,"locked":true,"name":"MyComputer NDI - (MS Teams - Active Speaker)","pos":{"x":18.0,"y":14.0},"private_settings":{},"rot":0.0,"scale":{"x":1.0,"y":1.0},"scale_filter":"disable","show_transition":{"duration":0},"visible":true},{"align":5,"bounds":{"x":0.0,"y":0.0},"bounds_align":0,"bounds_type":0,"crop_bottom":0,"crop_left":0,"crop_right":1219,"crop_top":1,"group_item_backup":true,"hide_transition":{"duration":0},"id":6,"locked":true,"name":"Teams App Brand Background","pos":{"x":0.0,"y":971.0},"private_settings":{},"rot":0.0,"scale":{"x":0.72713178396224976,"y":0.72666668891906738},"scale_filter":"disable","show_transition":{"duration":0},"visible":true},{"align":5,"bounds":{"x":0.0,"y":0.0},"bounds_align":0,"bounds_type":0,"crop_bottom":0,"crop_left":0,"crop_right":0,"crop_top":0,"group_item_backup":true,"hide_transition":{"duration":0},"id":4,"locked":true,"name":"NDI-ActiveSpeaker","pos":{"x":9.80596923828125,"y":971.2733154296875},"private_settings":{},"rot":0.0,"scale":{"x":0.42167577147483826,"y":0.421875},"scale_filter":"disable","show_transition":{"duration":0},"visible":true},{"align":5,"bounds":{"x":0.0,"y":0.0},"bounds_align":0,"bounds_type":0,"crop_bottom":0,"crop_left":0,"crop_right":0,"crop_top":0,"group_item_backup":false,"hide_transition":{"duration":0},"id":8,"locked":true,"name":"Group-ActiveSpeakerLabel","pos":{"x":0.0,"y":971.0},"private_settings":{},"rot":0.0,"scale":{"x":1.0,"y":1.0},"scale_filter":"disable","show_transition":{"duration":0},"visible":true}]},"sync":0,"versioned_id":"scene","volume":1.0},{"balance":0.5,"deinterlace_field_order":0,"deinterlace_mode":0,"enabled":true,"flags":0,"hotkeys":{"libobs.mute":[],"libobs.push-to-mute":[],"libobs.push-to-talk":[],"libobs.unmute":[]},"id":"ndi_source","mixers":255,"monitoring_type":0,"muted":false,"name":"MyComputer NDI - (MS Teams - Presenter 1)","prev_ver":452984833,"private_settings":{},"push-to-mute":false,"push-to-mute-delay":0,"push-to-talk":false,"push-to-talk-delay":0,"settings":{"ndi_fix_alpha_blending":false,"ndi_source_name":"LEGIONT5 (MS Teams - Denzil Fernandes)"},"sync":0,"versioned_id":"ndi_source","volume":1.0},{"balance":0.5,"deinterlace_field_order":0,"deinterlace_mode":0,"enabled":true,"flags":0,"hotkeys":{"libobs.mute":[],"libobs.push-to-mute":[],"libobs.push-to-talk":[],"libobs.unmute":[]},"id":"ndi_source","mixers":255,"monitoring_type":0,"muted":false,"name":"MyComputer NDI - (MS Teams - Local)","prev_ver":452984833,"private_settings":{},"push-to-mute":false,"push-to-mute-delay":0,"push-to-talk":false,"push-to-talk-delay":0,"settings":{"ndi_fix_alpha_blending":false,"ndi_source_name":"LEGIONT5 (MS Teams - (Local))"},"sync":0,"versioned_id":"ndi_source","volume":1.0},{"balance":0.5,"deinterlace_field_order":0,"deinterlace_mode":0,"enabled":true,"flags":0,"hotkeys":{"OBSBasic.SelectScene":[],"libobs.hide_scene_item.00-MAIN":[],"libobs.hide_scene_item.Group-ProducerLabel":[],"libobs.hide_scene_item.MyComputer NDI - (MS Teams - Local)":[],"libobs.hide_scene_item.White Background":[],"libobs.show_scene_item.00-MAIN":[],"libobs.show_scene_item.Group-ProducerLabel":[],"libobs.show_scene_item.MyComputer NDI - (MS Teams - Local)":[],"libobs.show_scene_item.White Background":[]},"id":"scene","mixers":0,"monitoring_type":0,"muted":false,"name":"00-NDI-Teams-Local","prev_ver":452984833,"private_settings":{},"push-to-mute":false,"push-to-mute-delay":0,"push-to-talk":false,"push-to-talk-delay":0,"settings":{"custom_size":false,"id_counter":15,"items":[{"align":5,"bounds":{"x":1920.0,"y":1080.0},"bounds_align":0,"bounds_type":2,"crop_bottom":0,"crop_left":0,"crop_right":0,"crop_top":0,"group_item_backup":false,"hide_transition":{"duration":0},"id":14,"locked":true,"name":"White Background","pos":{"x":0.0,"y":0.0},"private_settings":{},"rot":0.0,"scale":{"x":1.0,"y":1.0},"scale_filter":"disable","show_transition":{"duration":0},"visible":true},{"align":5,"bounds":{"x":1884.0,"y":1052.0},"bounds_align":0,"bounds_type":5,"crop_bottom":0,"crop_left":0,"crop_right":0,"crop_top":0,"group_item_backup":false,"hide_transition":{"duration":0},"id":6,"locked":true,"name":"00-MAIN","pos":{"x":18.0,"y":14.0},"private_settings":{},"rot":0.0,"scale":{"x":1.0,"y":1.0},"scale_filter":"disable","show_transition":{"duration":0},"visible":true},{"align":5,"bounds":{"x":0.0,"y":0.0},"bounds_align":0,"bounds_type":0,"crop_bottom":0,"crop_left":0,"crop_right":0,"crop_top":0,"group_item_backup":false,"hide_transition":{"duration":0},"id":3,"locked":true,"name":"MyComputer NDI - (MS Teams - Local)","pos":{"x":960.0,"y":540.0},"private_settings":{},"rot":0.0,"scale":{"x":0.93593752384185791,"y":0.93611109256744385},"scale_filter":"disable","show_transition":{"duration":0},"visible":false},{"align":5,"bounds":{"x":0.0,"y":0.0},"bounds_align":0,"bounds_type":0,"crop_bottom":0,"crop_left":0,"crop_right":1906,"crop_top":1,"group_item_backup":true,"hide_transition":{"duration":0},"id":5,"locked":true,"name":"Teams App Brand Background","pos":{"x":790.0,"y":971.2733154296875},"private_settings":{},"rot":0.0,"scale":{"x":0.72713178396224976,"y":0.72666668891906738},"scale_filter":"disable","show_transition":{"duration":0},"visible":true},{"align":5,"bounds":{"x":0.0,"y":0.0},"bounds_align":0,"bounds_type":0,"crop_bottom":0,"crop_left":0,"crop_right":0,"crop_top":0,"group_item_backup":true,"hide_transition":{"duration":0},"id":4,"locked":true,"name":"NDI-Local","pos":{"x":800.0,"y":971.0},"private_settings":{},"rot":0.0,"scale":{"x":0.42167577147483826,"y":0.421875},"scale_filter":"disable","show_transition":{"duration":0},"visible":true},{"align":5,"bounds":{"x":0.0,"y":0.0},"bounds_align":0,"bounds_type":0,"crop_bottom":0,"crop_left":0,"crop_right":0,"crop_top":0,"group_item_backup":false,"hide_transition":{"duration":0},"id":15,"locked":false,"name":"Group-ProducerLabel","pos":{"x":790.0,"y":971.0},"private_settings":{},"rot":0.0,"scale":{"x":1.0,"y":1.0},"scale_filter":"disable","show_transition":{"duration":0},"visible":true}]},"sync":0,"versioned_id":"scene","volume":1.0},{"balance":0.5,"deinterlace_field_order":0,"deinterlace_mode":0,"enabled":true,"flags":0,"hotkeys":{"OBSBasic.SelectScene":[],"libobs.hide_scene_item.Group-Presenter1Label":[],"libobs.hide_scene_item.MyComputer NDI - (MS Teams - Presenter 1)":[],"libobs.hide_scene_item.White Background":[],"libobs.show_scene_item.Group-Presenter1Label":[],"libobs.show_scene_item.MyComputer NDI - (MS Teams - Presenter 1)":[],"libobs.show_scene_item.White Background":[]},"id":"scene","mixers":0,"monitoring_type":0,"muted":false,"name":"00-NDI-Teams-Presenter 1","prev_ver":452984833,"private_settings":{},"push-to-mute":false,"push-to-mute-delay":0,"push-to-talk":false,"push-to-talk-delay":0,"settings":{"custom_size":false,"id_counter":8,"items":[{"align":5,"bounds":{"x":1920.0,"y":1080.0},"bounds_align":0,"bounds_type":2,"crop_bottom":0,"crop_left":0,"crop_right":0,"crop_top":0,"group_item_backup":false,"hide_transition":{"duration":0},"id":7,"locked":true,"name":"White Background","pos":{"x":0.0,"y":0.0},"private_settings":{},"rot":0.0,"scale":{"x":1.0,"y":1.0},"scale_filter":"disable","show_transition":{"duration":0},"visible":true},{"align":5,"bounds":{"x":1884.0,"y":1052.0},"bounds_align":0,"bounds_type":5,"crop_bottom":0,"crop_left":0,"crop_right":0,"crop_top":0,"group_item_backup":false,"hide_transition":{"duration":0},"id":2,"locked":true,"name":"MyComputer NDI - (MS Teams - Presenter 1)","pos":{"x":18.0,"y":14.0},"private_settings":{},"rot":0.0,"scale":{"x":1.0,"y":1.0},"scale_filter":"disable","show_transition":{"duration":0},"visible":true},{"align":5,"bounds":{"x":0.0,"y":0.0},"bounds_align":0,"bounds_type":0,"crop_bottom":0,"crop_left":0,"crop_right":1906,"crop_top":1,"group_item_backup":true,"hide_transition":{"duration":0},"id":6,"locked":true,"name":"Teams App Brand Background","pos":{"x":731.5,"y":971.2733154296875},"private_settings":{},"rot":0.0,"scale":{"x":0.72713178396224976,"y":0.72666668891906738},"scale_filter":"disable","show_transition":{"duration":0},"visible":true},{"align":5,"bounds":{"x":0.0,"y":0.0},"bounds_align":0,"bounds_type":0,"crop_bottom":0,"crop_left":0,"crop_right":0,"crop_top":0,"group_item_backup":true,"hide_transition":{"duration":0},"id":5,"locked":true,"name":"NDI-Presenter1","pos":{"x":741.5,"y":971.0},"private_settings":{},"rot":0.0,"scale":{"x":0.42167577147483826,"y":0.421875},"scale_filter":"disable","show_transition":{"duration":0},"visible":true},{"align":5,"bounds":{"x":0.0,"y":0.0},"bounds_align":0,"bounds_type":0,"crop_bottom":0,"crop_left":0,"crop_right":0,"crop_top":0,"group_item_backup":false,"hide_transition":{"duration":0},"id":8,"locked":false,"name":"Group-Presenter1Label","pos":{"x":731.5,"y":971.0},"private_settings":{},"rot":0.0,"scale":{"x":1.0,"y":1.0},"scale_filter":"disable","show_transition":{"duration":0},"visible":true}]},"sync":0,"versioned_id":"scene","volume":1.0},{"balance":0.5,"deinterlace_field_order":0,"deinterlace_mode":0,"enabled":true,"flags":0,"hotkeys":{"OBSBasic.SelectScene":[]},"id":"scene","mixers":0,"monitoring_type":0,"muted":false,"name":"-----------TEAMS NDI----------","prev_ver":452984833,"private_settings":{},"push-to-mute":false,"push-to-mute-delay":0,"push-to-talk":false,"push-to-talk-delay":0,"settings":{"custom_size":false,"id_counter":0,"items":[]},"sync":0,"versioned_id":"scene","volume":1.0},{"balance":0.5,"deinterlace_field_order":0,"deinterlace_mode":0,"enabled":true,"flags":0,"hotkeys":{"OBSBasic.SelectScene":[],"libobs.hide_scene_item.Group-Presenter2Label":[],"libobs.hide_scene_item.MyComputer NDI - (MS Teams - Presenter 2)":[],"libobs.hide_scene_item.White Background":[],"libobs.show_scene_item.Group-Presenter2Label":[],"libobs.show_scene_item.MyComputer NDI - (MS Teams - Presenter 2)":[],"libobs.show_scene_item.White Background":[]},"id":"scene","mixers":0,"monitoring_type":0,"muted":false,"name":"00-NDI-Teams-Presenter 2","prev_ver":452984833,"private_settings":{},"push-to-mute":false,"push-to-mute-delay":0,"push-to-talk":false,"push-to-talk-delay":0,"settings":{"custom_size":false,"id_counter":6,"items":[{"align":5,"bounds":{"x":1920.0,"y":1080.0},"bounds_align":0,"bounds_type":2,"crop_bottom":0,"crop_left":0,"crop_right":0,"crop_top":0,"group_item_backup":false,"hide_transition":{"duration":0},"id":5,"locked":true,"name":"White Background","pos":{"x":0.0,"y":0.0},"private_settings":{},"rot":0.0,"scale":{"x":1.0,"y":1.0},"scale_filter":"disable","show_transition":{"duration":0},"visible":true},{"align":5,"bounds":{"x":1884.0,"y":1052.0},"bounds_align":0,"bounds_type":5,"crop_bottom":0,"crop_left":0,"crop_right":0,"crop_top":0,"group_item_backup":false,"hide_transition":{"duration":0},"id":2,"locked":true,"name":"MyComputer NDI - (MS Teams - Presenter 2)","pos":{"x":18.0,"y":14.0},"private_settings":{},"rot":0.0,"scale":{"x":1.0,"y":1.0},"scale_filter":"disable","show_transition":{"duration":0},"visible":true},{"align":5,"bounds":{"x":0.0,"y":0.0},"bounds_align":0,"bounds_type":0,"crop_bottom":0,"crop_left":0,"crop_right":1906,"crop_top":1,"group_item_backup":true,"hide_transition":{"duration":0},"id":3,"locked":true,"name":"Teams App Brand Background","pos":{"x":733.5,"y":971.2733154296875},"private_settings":{},"rot":0.0,"scale":{"x":0.72713178396224976,"y":0.72666668891906738},"scale_filter":"disable","show_transition":{"duration":0},"visible":true},{"align":5,"bounds":{"x":0.0,"y":0.0},"bounds_align":0,"bounds_type":0,"crop_bottom":0,"crop_left":0,"crop_right":0,"crop_top":0,"group_item_backup":true,"hide_transition":{"duration":0},"id":4,"locked":true,"name":"NDI-Presenter2","pos":{"x":743.5,"y":971.0},"private_settings":{},"rot":0.0,"scale":{"x":0.41871455311775208,"y":0.41796875},"scale_filter":"disable","show_transition":{"duration":0},"visible":true},{"align":5,"bounds":{"x":0.0,"y":0.0},"bounds_align":0,"bounds_type":0,"crop_bottom":0,"crop_left":0,"crop_right":0,"crop_top":0,"group_item_backup":false,"hide_transition":{"duration":0},"id":6,"locked":false,"name":"Group-Presenter2Label","pos":{"x":733.5,"y":971.0},"private_settings":{},"rot":0.0,"scale":{"x":1.0,"y":1.0},"scale_filter":"disable","show_transition":{"duration":0},"visible":true}]},"sync":0,"versioned_id":"scene","volume":1.0},{"balance":0.5,"deinterlace_field_order":0,"deinterlace_mode":0,"enabled":true,"flags":0,"hotkeys":{"libobs.mute":[],"libobs.push-to-mute":[],"libobs.push-to-talk":[],"libobs.unmute":[]},"id":"ndi_source","mixers":255,"monitoring_type":0,"muted":false,"name":"MyComputer NDI - (MS Teams - Presenter 2)","prev_ver":452984833,"private_settings":{},"push-to-mute":false,"push-to-mute-delay":0,"push-to-talk":false,"push-to-talk-delay":0,"settings":{"ndi_fix_alpha_blending":false,"ndi_source_name":"LEGIONT5 (MS Teams - Scrum Bar)"},"sync":0,"versioned_id":"ndi_source","volume":1.0},{"balance":0.5,"deinterlace_field_order":0,"deinterlace_mode":0,"enabled":true,"flags":0,"hotkeys":{"OBSBasic.SelectScene":[],"libobs.hide_scene_item.00-NDI-Teams-ActiveSpeaker":[],"libobs.hide_scene_item.00-NDI-Teams-Local":[],"libobs.hide_scene_item.00-NDI-Teams-Presenter 1":[],"libobs.hide_scene_item.00-NDI-Teams-Presenter 2":[],"libobs.hide_scene_item.00-NDI-Teams-Presenter 3":[],"libobs.hide_scene_item.00-NDI-Teams-Shared Screen":[],"libobs.hide_scene_item.11-Overlay-Background":[],"libobs.show_scene_item.00-NDI-Teams-ActiveSpeaker":[],"libobs.show_scene_item.00-NDI-Teams-Local":[],"libobs.show_scene_item.00-NDI-Teams-Presenter 1":[],"libobs.show_scene_item.00-NDI-Teams-Presenter 2":[],"libobs.show_scene_item.00-NDI-Teams-Presenter 3":[],"libobs.show_scene_item.00-NDI-Teams-Shared Screen":[],"libobs.show_scene_item.11-Overlay-Background":[]},"id":"scene","mixers":0,"monitoring_type":0,"muted":false,"name":"33-NDI-Teams-Producer-NDI-CheckAllSources","prev_ver":452984833,"private_settings":{},"push-to-mute":false,"push-to-mute-delay":0,"push-to-talk":false,"push-to-talk-delay":0,"settings":{"custom_size":false,"id_counter":11,"items":[{"align":5,"bounds":{"x":0.0,"y":0.0},"bounds_align":0,"bounds_type":0,"crop_bottom":0,"crop_left":0,"crop_right":0,"crop_top":0,"group_item_backup":false,"hide_transition":{"duration":0},"id":11,"locked":true,"name":"11-Overlay-Background","pos":{"x":0.0,"y":0.0},"private_settings":{},"rot":0.0,"scale":{"x":1.0,"y":1.0},"scale_filter":"disable","show_transition":{"duration":0},"visible":true},{"align":5,"bounds":{"x":0.0,"y":0.0},"bounds_align":0,"bounds_type":0,"crop_bottom":0,"crop_left":0,"crop_right":0,"crop_top":0,"group_item_backup":false,"hide_transition":{"duration":0},"id":10,"locked":true,"name":"00-NDI-Teams-Shared Screen","pos":{"x":976.0,"y":203.0},"private_settings":{},"rot":0.0,"scale":{"x":0.46718749403953552,"y":0.46759259700775146},"scale_filter":"disable","show_transition":{"duration":0},"visible":true},{"align":5,"bounds":{"x":0.0,"y":0.0},"bounds_align":0,"bounds_type":0,"crop_bottom":0,"crop_left":0,"crop_right":0,"crop_top":0,"group_item_backup":false,"hide_transition":{"duration":0},"id":2,"locked":true,"name":"00-NDI-Teams-Local","pos":{"x":35.0,"y":738.0},"private_settings":{},"rot":0.0,"scale":{"x":0.22708334028720856,"y":0.22685185074806213},"scale_filter":"disable","show_transition":{"duration":0},"visible":true},{"align":5,"bounds":{"x":0.0,"y":0.0},"bounds_align":0,"bounds_type":0,"crop_bottom":0,"crop_left":0,"crop_right":0,"crop_top":0,"group_item_backup":false,"hide_transition":{"duration":0},"id":3,"locked":true,"name":"00-NDI-Teams-Presenter 1","pos":{"x":503.0,"y":741.0},"private_settings":{},"rot":0.0,"scale":{"x":0.22708334028720856,"y":0.22685185074806213},"scale_filter":"disable","show_transition":{"duration":0},"visible":true},{"align":5,"bounds":{"x":0.0,"y":0.0},"bounds_align":0,"bounds_type":0,"crop_bottom":0,"crop_left":0,"crop_right":0,"crop_top":0,"group_item_backup":false,"hide_transition":{"duration":0},"id":4,"locked":true,"name":"00-NDI-Teams-Presenter 2","pos":{"x":976.0,"y":741.0},"private_settings":{},"rot":0.0,"scale":{"x":0.22708334028720856,"y":0.22685185074806213},"scale_filter":"disable","show_transition":{"duration":0},"visible":true},{"align":5,"bounds":{"x":0.0,"y":0.0},"bounds_align":0,"bounds_type":0,"crop_bottom":0,"crop_left":0,"crop_right":0,"crop_top":0,"group_item_backup":false,"hide_transition":{"duration":0},"id":9,"locked":true,"name":"00-NDI-Teams-Presenter 3","pos":{"x":1439.0,"y":741.0},"private_settings":{},"rot":0.0,"scale":{"x":0.22708334028720856,"y":0.22685185074806213},"scale_filter":"disable","show_transition":{"duration":0},"visible":true},{"align":5,"bounds":{"x":0.0,"y":0.0},"bounds_align":0,"bounds_type":0,"crop_bottom":0,"crop_left":0,"crop_right":0,"crop_top":0,"group_item_backup":false,"hide_transition":{"duration":0},"id":1,"locked":true,"name":"00-NDI-Teams-ActiveSpeaker","pos":{"x":39.0,"y":200.0},"private_settings":{},"rot":0.0,"scale":{"x":0.46718749403953552,"y":0.46759259700775146},"scale_filter":"disable","show_transition":{"duration":0},"visible":true}]},"sync":0,"versioned_id":"scene","volume":1.0},{"balance":0.5,"deinterlace_field_order":0,"deinterlace_mode":0,"enabled":true,"flags":0,"hotkeys":{},"id":"text_gdiplus","mixers":0,"monitoring_type":0,"muted":false,"name":"NDI-ActiveSpeaker","prev_ver":452984833,"private_settings":{},"push-to-mute":false,"push-to-mute-delay":0,"push-to-talk":false,"push-to-talk-delay":0,"settings":{"bk_color":4278190080,"bk_opacity":100,"font":{"face":"Agency FB","flags":1,"size":256,"style":"Bold"},"text":" Active Speaker ","transform":1},"sync":0,"versioned_id":"text_gdiplus_v2","volume":1.0},{"balance":0.5,"deinterlace_field_order":0,"deinterlace_mode":0,"enabled":true,"flags":0,"hotkeys":{},"id":"text_gdiplus","mixers":0,"monitoring_type":0,"muted":false,"name":"NDI-Local","prev_ver":452984833,"private_settings":{},"push-to-mute":false,"push-to-mute-delay":0,"push-to-talk":false,"push-to-talk-delay":0,"settings":{"bk_color":4278190080,"bk_opacity":100,"font":{"face":"Agency FB","flags":1,"size":256,"style":"Bold"},"text":" PRODUCER ","transform":1},"sync":0,"versioned_id":"text_gdiplus_v2","volume":1.0},{"balance":0.5,"deinterlace_field_order":0,"deinterlace_mode":0,"enabled":true,"flags":0,"hotkeys":{},"id":"text_gdiplus","mixers":0,"monitoring_type":0,"muted":false,"name":"NDI-Presenter1","prev_ver":452984833,"private_settings":{},"push-to-mute":false,"push-to-mute-delay":0,"push-to-talk":false,"push-to-talk-delay":0,"settings":{"bk_color":4278190080,"bk_opacity":100,"font":{"face":"Agency FB","flags":1,"size":256,"style":"Bold"},"text":" Presenter 1 ","transform":1},"sync":0,"versioned_id":"text_gdiplus_v2","volume":1.0},{"balance":0.5,"deinterlace_field_order":0,"deinterlace_mode":0,"enabled":true,"flags":0,"hotkeys":{},"id":"text_gdiplus","mixers":0,"monitoring_type":0,"muted":false,"name":"NDI-Presenter2","prev_ver":452984833,"private_settings":{},"push-to-mute":false,"push-to-mute-delay":0,"push-to-talk":false,"push-to-talk-delay":0,"settings":{"bk_color":4278190080,"bk_opacity":100,"font":{"face":"Agency FB","flags":1,"size":256,"style":"Bold"},"text":" Presenter 2 ","transform":1},"sync":0,"versioned_id":"text_gdiplus_v2","volume":1.0},{"balance":0.5,"deinterlace_field_order":0,"deinterlace_mode":0,"enabled":true,"flags":0,"hotkeys":{"OBSBasic.SelectScene":[],"libobs.hide_scene_item.00-NDI-Teams-Local":[],"libobs.hide_scene_item.00-NDI-Teams-Presenter 1":[],"libobs.hide_scene_item.11-Overlay-Background":[],"libobs.show_scene_item.00-NDI-Teams-Local":[],"libobs.show_scene_item.00-NDI-Teams-Presenter 1":[],"libobs.show_scene_item.11-Overlay-Background":[]},"id":"scene","mixers":0,"monitoring_type":0,"muted":false,"name":"33-NDI-Teams-Main-Host+Presenter1","prev_ver":452984833,"private_settings":{},"push-to-mute":false,"push-to-mute-delay":0,"push-to-talk":false,"push-to-talk-delay":0,"settings":{"custom_size":false,"id_counter":8,"items":[{"align":5,"bounds":{"x":0.0,"y":0.0},"bounds_align":0,"bounds_type":0,"crop_bottom":0,"crop_left":0,"crop_right":0,"crop_top":0,"group_item_backup":false,"hide_transition":{"duration":0},"id":8,"locked":true,"name":"11-Overlay-Background","pos":{"x":0.0,"y":0.0},"private_settings":{},"rot":0.0,"scale":{"x":1.0,"y":1.0},"scale_filter":"disable","show_transition":{"duration":0},"visible":true},{"align":5,"bounds":{"x":0.0,"y":0.0},"bounds_align":0,"bounds_type":0,"crop_bottom":0,"crop_left":0,"crop_right":0,"crop_top":0,"group_item_backup":false,"hide_transition":{"duration":0},"id":4,"locked":true,"name":"00-NDI-Teams-Presenter 1","pos":{"x":968.0,"y":266.0},"private_settings":{},"rot":0.0,"scale":{"x":0.4869791567325592,"y":0.48703703284263611},"scale_filter":"disable","show_transition":{"duration":0},"visible":true},{"align":5,"bounds":{"x":0.0,"y":0.0},"bounds_align":0,"bounds_type":0,"crop_bottom":0,"crop_left":0,"crop_right":0,"crop_top":0,"group_item_backup":false,"hide_transition":{"duration":0},"id":2,"locked":true,"name":"00-NDI-Teams-Local","pos":{"x":15.0,"y":266.0},"private_settings":{},"rot":0.0,"scale":{"x":0.4869791567325592,"y":0.48703703284263611},"scale_filter":"disable","show_transition":{"duration":0},"visible":true}]},"sync":0,"versioned_id":"scene","volume":1.0},{"balance":0.5,"deinterlace_field_order":0,"deinterlace_mode":0,"enabled":true,"flags":0,"hotkeys":{"OBSBasic.SelectScene":[],"libobs.hide_scene_item.00-NDI-Teams-Local":[],"libobs.hide_scene_item.00-NDI-Teams-Presenter 2":[],"libobs.hide_scene_item.11-Overlay-Background":[],"libobs.show_scene_item.00-NDI-Teams-Local":[],"libobs.show_scene_item.00-NDI-Teams-Presenter 2":[],"libobs.show_scene_item.11-Overlay-Background":[]},"id":"scene","mixers":0,"monitoring_type":0,"muted":false,"name":"33-NDI-Teams-Main-Host+Presenter2","prev_ver":452984833,"private_settings":{},"push-to-mute":false,"push-to-mute-delay":0,"push-to-talk":false,"push-to-talk-delay":0,"settings":{"custom_size":false,"id_counter":6,"items":[{"align":5,"bounds":{"x":0.0,"y":0.0},"bounds_align":0,"bounds_type":0,"crop_bottom":0,"crop_left":0,"crop_right":0,"crop_top":0,"group_item_backup":false,"hide_transition":{"duration":0},"id":6,"locked":true,"name":"11-Overlay-Background","pos":{"x":0.0,"y":0.0},"private_settings":{},"rot":0.0,"scale":{"x":1.0,"y":1.0},"scale_filter":"disable","show_transition":{"duration":0},"visible":true},{"align":5,"bounds":{"x":0.0,"y":0.0},"bounds_align":0,"bounds_type":0,"crop_bottom":0,"crop_left":0,"crop_right":0,"crop_top":0,"group_item_backup":false,"hide_transition":{"duration":0},"id":5,"locked":true,"name":"00-NDI-Teams-Presenter 2","pos":{"x":968.0,"y":266.0},"private_settings":{},"rot":0.0,"scale":{"x":0.4869791567325592,"y":0.48703703284263611},"scale_filter":"disable","show_transition":{"duration":0},"visible":true},{"align":5,"bounds":{"x":0.0,"y":0.0},"bounds_align":0,"bounds_type":0,"crop_bottom":0,"crop_left":0,"crop_right":0,"crop_top":0,"group_item_backup":false,"hide_transition":{"duration":0},"id":2,"locked":true,"name":"00-NDI-Teams-Local","pos":{"x":15.0,"y":266.0},"private_settings":{},"rot":0.0,"scale":{"x":0.4869791567325592,"y":0.48703703284263611},"scale_filter":"disable","show_transition":{"duration":0},"visible":true}]},"sync":0,"versioned_id":"scene","volume":1.0},{"balance":0.5,"deinterlace_field_order":0,"deinterlace_mode":0,"enabled":true,"flags":0,"hotkeys":{"OBSBasic.SelectScene":[],"libobs.hide_scene_item.00-NDI-Teams-Local":[],"libobs.hide_scene_item.00-NDI-Teams-Presenter 1":[],"libobs.hide_scene_item.00-NDI-Teams-Presenter 2":[],"libobs.hide_scene_item.11-Overlay-Background":[],"libobs.show_scene_item.00-NDI-Teams-Local":[],"libobs.show_scene_item.00-NDI-Teams-Presenter 1":[],"libobs.show_scene_item.00-NDI-Teams-Presenter 2":[],"libobs.show_scene_item.11-Overlay-Background":[]},"id":"scene","mixers":0,"monitoring_type":0,"muted":false,"name":"33-NDI-Teams-Main-Host+Presenter1+2","prev_ver":452984833,"private_settings":{},"push-to-mute":false,"push-to-mute-delay":0,"push-to-talk":false,"push-to-talk-delay":0,"settings":{"custom_size":false,"id_counter":6,"items":[{"align":5,"bounds":{"x":0.0,"y":0.0},"bounds_align":0,"bounds_type":0,"crop_bottom":0,"crop_left":0,"crop_right":0,"crop_top":0,"group_item_backup":false,"hide_transition":{"duration":0},"id":6,"locked":true,"name":"11-Overlay-Background","pos":{"x":0.0,"y":0.0},"private_settings":{},"rot":0.0,"scale":{"x":1.0,"y":1.0},"scale_filter":"disable","show_transition":{"duration":0},"visible":true},{"align":5,"bounds":{"x":0.0,"y":0.0},"bounds_align":0,"bounds_type":0,"crop_bottom":0,"crop_left":632,"crop_right":538,"crop_top":0,"group_item_backup":false,"hide_transition":{"duration":0},"id":5,"locked":true,"name":"00-NDI-Teams-Presenter 2","pos":{"x":1332.0,"y":217.0},"private_settings":{},"rot":0.0,"scale":{"x":0.63066667318344116,"y":0.63055557012557983},"scale_filter":"disable","show_transition":{"duration":0},"visible":true},{"align":5,"bounds":{"x":0.0,"y":0.0},"bounds_align":0,"bounds_type":0,"crop_bottom":0,"crop_left":632,"crop_right":538,"crop_top":0,"group_item_backup":false,"hide_transition":{"duration":0},"id":3,"locked":true,"name":"00-NDI-Teams-Presenter 1","pos":{"x":754.0,"y":215.0},"private_settings":{},"rot":0.0,"scale":{"x":0.63066667318344116,"y":0.63055557012557983},"scale_filter":"disable","show_transition":{"duration":0},"visible":true},{"align":5,"bounds":{"x":0.0,"y":0.0},"bounds_align":0,"bounds_type":0,"crop_bottom":0,"crop_left":632,"crop_right":538,"crop_top":0,"group_item_backup":false,"hide_transition":{"duration":0},"id":2,"locked":true,"name":"00-NDI-Teams-Local","pos":{"x":174.0,"y":215.0},"private_settings":{},"rot":0.0,"scale":{"x":0.63066667318344116,"y":0.63055557012557983},"scale_filter":"disable","show_transition":{"duration":0},"visible":true}]},"sync":0,"versioned_id":"scene","volume":1.0},{"balance":0.5,"deinterlace_field_order":0,"deinterlace_mode":0,"enabled":true,"flags":0,"hotkeys":{"OBSBasic.SelectScene":[],"libobs.hide_scene_item.Group-Presenter3Label":[],"libobs.hide_scene_item.MyComputer NDI - (MS Teams - Presenter 3)":[],"libobs.hide_scene_item.White Background":[],"libobs.show_scene_item.Group-Presenter3Label":[],"libobs.show_scene_item.MyComputer NDI - (MS Teams - Presenter 3)":[],"libobs.show_scene_item.White Background":[]},"id":"scene","mixers":0,"monitoring_type":0,"muted":false,"name":"00-NDI-Teams-Presenter 3","prev_ver":452984833,"private_settings":{},"push-to-mute":false,"push-to-mute-delay":0,"push-to-talk":false,"push-to-talk-delay":0,"settings":{"custom_size":false,"id_counter":9,"items":[{"align":5,"bounds":{"x":1920.0,"y":1080.0},"bounds_align":0,"bounds_type":2,"crop_bottom":0,"crop_left":0,"crop_right":0,"crop_top":0,"group_item_backup":false,"hide_transition":{"duration":0},"id":8,"locked":true,"name":"White Background","pos":{"x":0.0,"y":0.0},"private_settings":{},"rot":0.0,"scale":{"x":1.0,"y":1.0},"scale_filter":"disable","show_transition":{"duration":0},"visible":true},{"align":5,"bounds":{"x":1884.0,"y":1052.0},"bounds_align":0,"bounds_type":5,"crop_bottom":0,"crop_left":0,"crop_right":0,"crop_top":0,"group_item_backup":false,"hide_transition":{"duration":0},"id":6,"locked":true,"name":"MyComputer NDI - (MS Teams - Presenter 3)","pos":{"x":18.0,"y":14.0},"private_settings":{},"rot":0.0,"scale":{"x":1.0,"y":1.0},"scale_filter":"disable","show_transition":{"duration":0},"visible":true},{"align":5,"bounds":{"x":0.0,"y":0.0},"bounds_align":0,"bounds_type":0,"crop_bottom":0,"crop_left":0,"crop_right":1906,"crop_top":1,"group_item_backup":true,"hide_transition":{"duration":0},"id":2,"locked":false,"name":"Teams App Brand Background","pos":{"x":731.0,"y":971.2733154296875},"private_settings":{},"rot":0.0,"scale":{"x":0.72713178396224976,"y":0.72666668891906738},"scale_filter":"disable","show_transition":{"duration":0},"visible":true},{"align":5,"bounds":{"x":0.0,"y":0.0},"bounds_align":0,"bounds_type":0,"crop_bottom":0,"crop_left":0,"crop_right":0,"crop_top":0,"group_item_backup":true,"hide_transition":{"duration":0},"id":4,"locked":true,"name":"NDI-Presenter3","pos":{"x":741.0,"y":971.0},"private_settings":{},"rot":0.0,"scale":{"x":0.42167577147483826,"y":0.421875},"scale_filter":"disable","show_transition":{"duration":0},"visible":true},{"align":5,"bounds":{"x":0.0,"y":0.0},"bounds_align":0,"bounds_type":0,"crop_bottom":0,"crop_left":0,"crop_right":0,"crop_top":0,"group_item_backup":false,"hide_transition":{"duration":0},"id":9,"locked":false,"name":"Group-Presenter3Label","pos":{"x":731.0,"y":971.0},"private_settings":{},"rot":0.0,"scale":{"x":1.0,"y":1.0},"scale_filter":"disable","show_transition":{"duration":0},"visible":true}]},"sync":0,"versioned_id":"scene","volume":1.0},{"balance":0.5,"deinterlace_field_order":0,"deinterlace_mode":0,"enabled":true,"flags":0,"hotkeys":{},"id":"text_gdiplus","mixers":0,"monitoring_type":0,"muted":false,"name":"NDI-Presenter3","prev_ver":452984833,"private_settings":{},"push-to-mute":false,"push-to-mute-delay":0,"push-to-talk":false,"push-to-talk-delay":0,"settings":{"antialiasing":false,"bk_color":4278190080,"bk_opacity":100,"font":{"face":"Agency FB","flags":1,"size":256,"style":"Bold"},"text":" Presenter 3 ","transform":1},"sync":0,"versioned_id":"text_gdiplus_v2","volume":1.0},{"balance":0.5,"deinterlace_field_order":0,"deinterlace_mode":0,"enabled":true,"flags":0,"hotkeys":{"libobs.mute":[],"libobs.push-to-mute":[],"libobs.push-to-talk":[],"libobs.unmute":[]},"id":"ndi_source","mixers":255,"monitoring_type":0,"muted":false,"name":"MyComputer NDI - (MS Teams - Presenter 3)","prev_ver":452984833,"private_settings":{},"push-to-mute":false,"push-to-mute-delay":0,"push-to-talk":false,"push-to-talk-delay":0,"settings":{"ndi_fix_alpha_blending":false,"ndi_source_name":"LEGIONT5 (MS Teams - Scrum Bar)"},"sync":0,"versioned_id":"ndi_source","volume":1.0},{"balance":0.5,"deinterlace_field_order":0,"deinterlace_mode":0,"enabled":true,"flags":0,"hotkeys":{"OBSBasic.SelectScene":[],"libobs.hide_scene_item.00-NDI-Teams-Local":[],"libobs.hide_scene_item.00-NDI-Teams-Presenter 3":[],"libobs.hide_scene_item.11-Overlay-Background":[],"libobs.show_scene_item.00-NDI-Teams-Local":[],"libobs.show_scene_item.00-NDI-Teams-Presenter 3":[],"libobs.show_scene_item.11-Overlay-Background":[]},"id":"scene","mixers":0,"monitoring_type":0,"muted":false,"name":"33-NDI-Teams-Main-Host+Presenter3","prev_ver":452984833,"private_settings":{},"push-to-mute":false,"push-to-mute-delay":0,"push-to-talk":false,"push-to-talk-delay":0,"settings":{"custom_size":false,"id_counter":6,"items":[{"align":5,"bounds":{"x":0.0,"y":0.0},"bounds_align":0,"bounds_type":0,"crop_bottom":0,"crop_left":0,"crop_right":0,"crop_top":0,"group_item_backup":false,"hide_transition":{"duration":0},"id":6,"locked":true,"name":"11-Overlay-Background","pos":{"x":0.0,"y":0.0},"private_settings":{},"rot":0.0,"scale":{"x":1.0,"y":1.0},"scale_filter":"disable","show_transition":{"duration":0},"visible":true},{"align":5,"bounds":{"x":0.0,"y":0.0},"bounds_align":0,"bounds_type":0,"crop_bottom":0,"crop_left":0,"crop_right":0,"crop_top":0,"group_item_backup":false,"hide_transition":{"duration":0},"id":5,"locked":true,"name":"00-NDI-Teams-Presenter 3","pos":{"x":968.0,"y":266.0},"private_settings":{},"rot":0.0,"scale":{"x":0.4869791567325592,"y":0.48703703284263611},"scale_filter":"disable","show_transition":{"duration":0},"visible":true},{"align":5,"bounds":{"x":0.0,"y":0.0},"bounds_align":0,"bounds_type":0,"crop_bottom":0,"crop_left":0,"crop_right":0,"crop_top":0,"group_item_backup":false,"hide_transition":{"duration":0},"id":3,"locked":true,"name":"00-NDI-Teams-Local","pos":{"x":15.0,"y":266.0},"private_settings":{},"rot":0.0,"scale":{"x":0.4869791567325592,"y":0.48703703284263611},"scale_filter":"disable","show_transition":{"duration":0},"visible":true}]},"sync":0,"versioned_id":"scene","volume":1.0},{"balance":0.5,"deinterlace_field_order":0,"deinterlace_mode":0,"enabled":true,"flags":0,"hotkeys":{"OBSBasic.SelectScene":[],"libobs.hide_scene_item.00-NDI-Teams-Local":[],"libobs.hide_scene_item.00-NDI-Teams-Presenter 1":[],"libobs.hide_scene_item.00-NDI-Teams-Presenter 2":[],"libobs.hide_scene_item.00-NDI-Teams-Presenter 3":[],"libobs.hide_scene_item.11-Overlay-Background":[],"libobs.show_scene_item.00-NDI-Teams-Local":[],"libobs.show_scene_item.00-NDI-Teams-Presenter 1":[],"libobs.show_scene_item.00-NDI-Teams-Presenter 2":[],"libobs.show_scene_item.00-NDI-Teams-Presenter 3":[],"libobs.show_scene_item.11-Overlay-Background":[]},"id":"scene","mixers":0,"monitoring_type":0,"muted":false,"name":"33-NDI-Teams-Main-Host+Presenter1+2+3","prev_ver":452984833,"private_settings":{},"push-to-mute":false,"push-to-mute-delay":0,"push-to-talk":false,"push-to-talk-delay":0,"settings":{"custom_size":false,"id_counter":7,"items":[{"align":5,"bounds":{"x":0.0,"y":0.0},"bounds_align":0,"bounds_type":0,"crop_bottom":0,"crop_left":0,"crop_right":0,"crop_top":0,"group_item_backup":false,"hide_transition":{"duration":0},"id":7,"locked":true,"name":"11-Overlay-Background","pos":{"x":0.0,"y":0.0},"private_settings":{},"rot":0.0,"scale":{"x":1.0,"y":1.0},"scale_filter":"disable","show_transition":{"duration":0},"visible":true},{"align":5,"bounds":{"x":1.0,"y":1.0},"bounds_align":0,"bounds_type":0,"crop_bottom":0,"crop_left":632,"crop_right":538,"crop_top":0,"group_item_backup":false,"hide_transition":{"duration":0},"id":6,"locked":true,"name":"00-NDI-Teams-Presenter 3","pos":{"x":1447.0,"y":198.0},"private_settings":{},"rot":0.0,"scale":{"x":0.63066667318344116,"y":0.63055557012557983},"scale_filter":"disable","show_transition":{"duration":0},"visible":true},{"align":5,"bounds":{"x":1.0,"y":1.0},"bounds_align":0,"bounds_type":0,"crop_bottom":0,"crop_left":632,"crop_right":538,"crop_top":0,"group_item_backup":false,"hide_transition":{"duration":0},"id":2,"locked":true,"name":"00-NDI-Teams-Presenter 2","pos":{"x":964.0,"y":198.0},"private_settings":{},"rot":0.0,"scale":{"x":0.63066667318344116,"y":0.63055557012557983},"scale_filter":"disable","show_transition":{"duration":0},"visible":true},{"align":5,"bounds":{"x":1.0,"y":1.0},"bounds_align":0,"bounds_type":0,"crop_bottom":0,"crop_left":632,"crop_right":538,"crop_top":0,"group_item_backup":false,"hide_transition":{"duration":0},"id":3,"locked":true,"name":"00-NDI-Teams-Presenter 1","pos":{"x":481.0,"y":198.0},"private_settings":{},"rot":0.0,"scale":{"x":0.63066667318344116,"y":0.63055557012557983},"scale_filter":"disable","show_transition":{"duration":0},"visible":true},{"align":5,"bounds":{"x":1.0,"y":1.0},"bounds_align":0,"bounds_type":0,"crop_bottom":0,"crop_left":632,"crop_right":538,"crop_top":0,"group_item_backup":false,"hide_transition":{"duration":0},"id":4,"locked":true,"name":"00-NDI-Teams-Local","pos":{"x":0.0,"y":198.0},"private_settings":{},"rot":0.0,"scale":{"x":0.63066667318344116,"y":0.63055557012557983},"scale_filter":"disable","show_transition":{"duration":0},"visible":true}]},"sync":0,"versioned_id":"scene","volume":1.0},{"balance":0.5,"deinterlace_field_order":0,"deinterlace_mode":0,"enabled":true,"flags":0,"hotkeys":{"libobs.mute":[],"libobs.push-to-mute":[],"libobs.push-to-talk":[],"libobs.unmute":[]},"id":"ndi_source","mixers":255,"monitoring_type":0,"muted":false,"name":"MyComputer NDI - (MS teams - Content Sharing)","prev_ver":452984833,"private_settings":{},"push-to-mute":false,"push-to-mute-delay":0,"push-to-talk":false,"push-to-talk-delay":0,"settings":{"ndi_fix_alpha_blending":false,"ndi_source_name":"LEGIONT5 (MS Teams - Shared screen)"},"sync":0,"versioned_id":"ndi_source","volume":1.0},{"balance":0.5,"deinterlace_field_order":0,"deinterlace_mode":0,"enabled":true,"flags":0,"hotkeys":{"OBSBasic.SelectScene":[],"libobs.hide_scene_item.Group-SharedScreenLabel":[],"libobs.hide_scene_item.MyComputer NDI - (MS teams - Content Sharing)":[],"libobs.hide_scene_item.White Background":[],"libobs.show_scene_item.Group-SharedScreenLabel":[],"libobs.show_scene_item.MyComputer NDI - (MS teams - Content Sharing)":[],"libobs.show_scene_item.White Background":[]},"id":"scene","mixers":0,"monitoring_type":0,"muted":false,"name":"00-NDI-Teams-Shared Screen","prev_ver":452984833,"private_settings":{},"push-to-mute":false,"push-to-mute-delay":0,"push-to-talk":false,"push-to-talk-delay":0,"settings":{"custom_size":false,"id_counter":8,"items":[{"align":5,"bounds":{"x":1920.0,"y":1080.0},"bounds_align":0,"bounds_type":2,"crop_bottom":0,"crop_left":0,"crop_right":0,"crop_top":0,"group_item_backup":false,"hide_transition":{"duration":0},"id":7,"locked":true,"name":"White Background","pos":{"x":0.0,"y":0.0},"private_settings":{},"rot":0.0,"scale":{"x":1.0,"y":1.0},"scale_filter":"disable","show_transition":{"duration":0},"visible":true},{"align":5,"bounds":{"x":1884.0,"y":1052.0},"bounds_align":0,"bounds_type":5,"crop_bottom":0,"crop_left":0,"crop_right":0,"crop_top":0,"group_item_backup":false,"hide_transition":{"duration":0},"id":5,"locked":true,"name":"MyComputer NDI - (MS teams - Content Sharing)","pos":{"x":18.0,"y":14.0},"private_settings":{},"rot":0.0,"scale":{"x":1.0,"y":1.0},"scale_filter":"disable","show_transition":{"duration":0},"visible":true},{"align":5,"bounds":{"x":0.0,"y":0.0},"bounds_align":0,"bounds_type":0,"crop_bottom":0,"crop_left":0,"crop_right":1906,"crop_top":1,"group_item_backup":true,"hide_transition":{"duration":0},"id":3,"locked":true,"name":"Teams App Brand Background","pos":{"x":0.0,"y":971.2733154296875},"private_settings":{},"rot":0.0,"scale":{"x":0.72713178396224976,"y":0.72666668891906738},"scale_filter":"disable","show_transition":{"duration":0},"visible":true},{"align":5,"bounds":{"x":0.0,"y":0.0},"bounds_align":0,"bounds_type":0,"crop_bottom":0,"crop_left":0,"crop_right":0,"crop_top":0,"group_item_backup":true,"hide_transition":{"duration":0},"id":6,"locked":true,"name":"NDI-SharedScreen","pos":{"x":10.0,"y":971.0},"private_settings":{},"rot":0.0,"scale":{"x":0.42167577147483826,"y":0.421875},"scale_filter":"disable","show_transition":{"duration":0},"visible":true},{"align":5,"bounds":{"x":0.0,"y":0.0},"bounds_align":0,"bounds_type":0,"crop_bottom":0,"crop_left":0,"crop_right":0,"crop_top":0,"group_item_backup":false,"hide_transition":{"duration":0},"id":8,"locked":true,"name":"Group-SharedScreenLabel","pos":{"x":0.0,"y":971.0},"private_settings":{},"rot":0.0,"scale":{"x":1.0,"y":1.0},"scale_filter":"disable","show_transition":{"duration":0},"visible":true}]},"sync":0,"versioned_id":"scene","volume":1.0},{"balance":0.5,"deinterlace_field_order":0,"deinterlace_mode":0,"enabled":true,"flags":0,"hotkeys":{},"id":"text_gdiplus","mixers":0,"monitoring_type":0,"muted":false,"name":"NDI-SharedScreen","prev_ver":452984833,"private_settings":{},"push-to-mute":false,"push-to-mute-delay":0,"push-to-talk":false,"push-to-talk-delay":0,"settings":{"bk_color":4278190080,"bk_opacity":100,"font":{"face":"Agency FB","flags":1,"size":256,"style":"Bold"},"text":" Shared Content ","transform":1},"sync":0,"versioned_id":"text_gdiplus_v2","volume":1.0},{"balance":0.5,"deinterlace_field_order":0,"deinterlace_mode":0,"enabled":true,"flags":0,"hotkeys":{"OBSBasic.SelectScene":[],"libobs.hide_scene_item.EventName":[],"libobs.hide_scene_item.Grey Background":[],"libobs.hide_scene_item.Teams App Brand Background":[],"libobs.show_scene_item.EventName":[],"libobs.show_scene_item.Grey Background":[],"libobs.show_scene_item.Teams App Brand Background":[]},"id":"scene","mixers":0,"monitoring_type":0,"muted":false,"name":"11-Overlay-Background","prev_ver":452984833,"private_settings":{},"push-to-mute":false,"push-to-mute-delay":0,"push-to-talk":false,"push-to-talk-delay":0,"settings":{"custom_size":false,"id_counter":13,"items":[{"align":5,"bounds":{"x":0.0,"y":0.0},"bounds_align":0,"bounds_type":0,"crop_bottom":0,"crop_left":0,"crop_right":0,"crop_top":0,"group_item_backup":false,"hide_transition":{"duration":0},"id":11,"locked":true,"name":"Grey Background","pos":{"x":0.0,"y":0.0},"private_settings":{},"rot":0.0,"scale":{"x":1.0,"y":1.0},"scale_filter":"disable","show_transition":{"duration":0},"visible":true},{"align":5,"bounds":{"x":0.0,"y":0.0},"bounds_align":0,"bounds_type":0,"crop_bottom":0,"crop_left":0,"crop_right":0,"crop_top":0,"group_item_backup":false,"hide_transition":{"duration":0},"id":13,"locked":false,"name":"Teams App Brand Background","pos":{"x":0.0,"y":930.0},"private_settings":{},"rot":0.0,"scale":{"x":1.0,"y":1.0},"scale_filter":"disable","show_transition":{"duration":0},"visible":true},{"align":5,"bounds":{"x":0.0,"y":0.0},"bounds_align":0,"bounds_type":0,"crop_bottom":0,"crop_left":0,"crop_right":0,"crop_top":0,"group_item_backup":false,"hide_transition":{"duration":0},"id":10,"locked":true,"name":"Teams App Brand Background","pos":{"x":0.0,"y":0.0},"private_settings":{},"rot":0.0,"scale":{"x":1.0,"y":1.0},"scale_filter":"disable","show_transition":{"duration":0},"visible":true},{"align":5,"bounds":{"x":0.0,"y":0.0},"bounds_align":0,"bounds_type":0,"crop_bottom":0,"crop_left":0,"crop_right":0,"crop_top":0,"group_item_backup":false,"hide_transition":{"duration":0},"id":12,"locked":true,"name":"EventName","pos":{"x":40.0,"y":0.0},"private_settings":{},"rot":0.0,"scale":{"x":0.59652173519134521,"y":0.59765625},"scale_filter":"disable","show_transition":{"duration":0},"visible":true}]},"sync":0,"versioned_id":"scene","volume":1.0},{"balance":0.5,"deinterlace_field_order":0,"deinterlace_mode":0,"enabled":true,"flags":0,"hotkeys":{},"id":"color_source","mixers":0,"monitoring_type":0,"muted":false,"name":"Grey Background","prev_ver":452984833,"private_settings":{},"push-to-mute":false,"push-to-mute-delay":0,"push-to-talk":false,"push-to-talk-delay":0,"settings":{"color":4286874756},"sync":0,"versioned_id":"color_source_v3","volume":1.0},{"balance":0.5,"deinterlace_field_order":0,"deinterlace_mode":0,"enabled":true,"flags":0,"hotkeys":{},"id":"text_gdiplus","mixers":0,"monitoring_type":0,"muted":false,"name":"EventName","prev_ver":452984833,"private_settings":{},"push-to-mute":false,"push-to-mute-delay":0,"push-to-talk":false,"push-to-talk-delay":0,"settings":{"font":{"face":"Agency FB","flags":1,"size":256,"style":"Bold"},"text":"Event Name"},"sync":0,"versioned_id":"text_gdiplus_v2","volume":1.0}],"transition_duration":500,"transitions":[{"id":"obs_stinger_transition","name":"M365Advisor-Gray","settings":{"audio_fade_style":0,"audio_monitoring":2,"path":"C:/Users/denzi/OneDrive/Videos/Transitions/10 Free Stinger Transitions/Stinger Transitions/Tech Wipe/WEBM/With Sound/Tech Wipe (Gray).webm","transition_point":450}},{"id":"obs_stinger_transition","name":"Glitch-Violet","settings":{"audio_monitoring":2,"path":"C:/Users/denzi/OneDrive/Videos/Transitions/Glitch Kinda Lft 2 R8/Violet.webm","transition_point":600}},{"id":"obs_stinger_transition","name":"Teams Kick Punch","settings":{"audio_fade_style":0,"audio_monitoring":1,"path":"C:/Users/denzi/OneDrive/Videos/Transitions/StingerTeams.webm","transition_point":1250}},{"id":"slide_transition","name":"Slide Left","settings":{"direction":"left"}},{"id":"swipe_transition","name":"Swipe Up","settings":{"direction":"up","swipe_in":true}}]}